path	type	bytes	role	validation
UPC.css	.css	75570	production-root	syntax/parse OK
UPC.js	.js	28640	production-root	syntax/parse OK
banner.css	.css	51693	production-root	syntax/parse OK
banner.js	.js	2546	production-root	syntax/parse OK
base.css	.css	6839	production-root	syntax/parse OK
body.css	.css	4244	production-root	syntax/parse OK
card.js	.js	5603	production-root	syntax/parse OK
chrono.css	.css	19256	production-root	syntax/parse OK
chrono.js	.js	9653	production-root	syntax/parse OK
com.css	.css	187224	production-root	syntax/parse OK
com.js	.js	16514	production-root	syntax/parse OK
footer.css	.css	36370	production-root	syntax/parse OK
footer.js	.js	8211	production-root	syntax/parse OK
header.css	.css	23894	production-root	syntax/parse OK
header.js	.js	6309	production-root	syntax/parse OK
hot-news-new.css	.css	16166	production-root	syntax/parse OK
hot-news-new.js	.js	9801	production-root	syntax/parse OK
inceputuri/New folder/index.html	.html	638803	development/preview	syntax/parse OK
index.html	.html	695983	production-root	syntax/parse OK
login-content-final/index.html	.html	4939	development/preview	syntax/parse OK
login-content-final/script.js	.js	2494	development/preview	syntax/parse OK
login-content-final/style.css	.css	11546	development/preview	syntax/parse OK
main.css	.css	333905	production-root	syntax/parse OK
main.js	.js	104842	production-root	syntax/parse OK
preview/activitate-staff/index.html	.html	6647	development/preview	syntax/parse OK
preview/audit-proposal/index.html	.html	18432	development/preview	syntax/parse OK
preview/audit-proposal/script.js	.js	9152	development/preview	syntax/parse OK
preview/audit-proposal/style.css	.css	32881	development/preview	syntax/parse OK
preview/carusele-finale-redesign/index.html	.html	1321	development/preview	syntax/parse OK
preview/carusele-finale-redesign/preview.js	.js	13020	development/preview	syntax/parse OK
preview/carusele-finale-redesign/style.css	.css	13811	development/preview	syntax/parse OK
preview/chronologie-redesign/index.html	.html	8786	development/preview	syntax/parse OK
preview/chronologie-redesign/preview.js	.js	5385	development/preview	syntax/parse OK
preview/chronologie-redesign/style.css	.css	14158	development/preview	syntax/parse OK
preview/donate-modal/index.html	.html	3101	development/preview	syntax/parse OK
preview/donate-modal/style.css	.css	7239	development/preview	syntax/parse OK
preview/episode-popup-card/index.html	.html	6105	development/preview	syntax/parse OK
preview/episode-popup-card/preview.js	.js	805	development/preview	syntax/parse OK
preview/episode-popup-card/style.css	.css	15314	development/preview	syntax/parse OK
preview/hof-anime-integration/index.html	.html	3821	development/preview	syntax/parse OK
preview/hof-container/index.html	.html	4230	development/preview	syntax/parse OK
preview/hof-container/style.css	.css	11898	development/preview	syntax/parse OK
preview/login-content-v2/index.html	.html	12067	development/preview	syntax/parse OK
preview/login-content-v2/varianta-12.html	.html	11579	development/preview	syntax/parse OK
preview/noutati-fierbinti-carduri/alternative.css	.css	5279	development/preview	syntax/parse OK
preview/noutati-fierbinti-carduri/alternative.html	.html	2639	development/preview	syntax/parse OK
preview/noutati-fierbinti-carduri/arc-card.css	.css	4909	development/preview	syntax/parse OK
preview/noutati-fierbinti-carduri/arc-card.html	.html	2961	development/preview	syntax/parse OK
preview/noutati-fierbinti-carduri/bento.css	.css	4708	development/preview	syntax/parse OK
preview/noutati-fierbinti-carduri/bento.html	.html	2944	development/preview	syntax/parse OK
preview/noutati-fierbinti-carduri/futuristic.css	.css	4976	development/preview	syntax/parse OK
preview/noutati-fierbinti-carduri/futuristic.html	.html	4301	development/preview	syntax/parse OK
preview/noutati-fierbinti-carduri/index.html	.html	8258	development/preview	syntax/parse OK
preview/noutati-fierbinti-carduri/landscape.css	.css	4739	development/preview	syntax/parse OK
preview/noutati-fierbinti-carduri/landscape.html	.html	2396	development/preview	syntax/parse OK
preview/noutati-fierbinti-carduri/release-board.css	.css	4643	development/preview	syntax/parse OK
preview/noutati-fierbinti-carduri/release-board.html	.html	2891	development/preview	syntax/parse OK
preview/noutati-fierbinti-carduri/render-alternative.cjs	.cjs	777	development/preview	syntax/parse OK
preview/noutati-fierbinti-carduri/render-arc-card.cjs	.cjs	753	development/preview	syntax/parse OK
preview/noutati-fierbinti-carduri/render-bento.cjs	.cjs	768	development/preview	syntax/parse OK
preview/noutati-fierbinti-carduri/render-futuristic.cjs	.cjs	895	development/preview	syntax/parse OK
preview/noutati-fierbinti-carduri/render-landscape.cjs	.cjs	770	development/preview	syntax/parse OK
preview/noutati-fierbinti-carduri/render-release-board.cjs	.cjs	776	development/preview	syntax/parse OK
preview/noutati-fierbinti-carduri/render-research.cjs	.cjs	914	development/preview	syntax/parse OK
preview/noutati-fierbinti-carduri/render-signature-card.cjs	.cjs	740	development/preview	syntax/parse OK
preview/noutati-fierbinti-carduri/render-three-categories.cjs	.cjs	744	development/preview	syntax/parse OK
preview/noutati-fierbinti-carduri/render.cjs	.cjs	1202	development/preview	syntax/parse OK
preview/noutati-fierbinti-carduri/research.css	.css	4341	development/preview	syntax/parse OK
preview/noutati-fierbinti-carduri/research.html	.html	3123	development/preview	syntax/parse OK
preview/noutati-fierbinti-carduri/signature-card.css	.css	4925	development/preview	syntax/parse OK
preview/noutati-fierbinti-carduri/signature-card.html	.html	2804	development/preview	syntax/parse OK
preview/noutati-fierbinti-carduri/style.css	.css	15846	development/preview	syntax/parse OK
preview/noutati-fierbinti-carduri/three-categories.css	.css	5311	development/preview	syntax/parse OK
preview/noutati-fierbinti-carduri/three-categories.html	.html	4256	development/preview	syntax/parse OK
preview/redesign-homepage-v2/index.html	.html	21434	development/preview	syntax/parse OK
preview/redesign-homepage-v2/script.js	.js	25233	development/preview	syntax/parse OK
preview/redesign-homepage-v2/style.css	.css	39037	development/preview	syntax/parse OK
preview/serii-favorite/index.html	.html	7950	development/preview	syntax/parse OK
preview/staff-activity-panel/index.html	.html	10348	development/preview	syntax/parse OK
preview/stiri-anivortex/index.html	.html	5325	development/preview	syntax/parse OK
preview/stiri-anivortex/style.css	.css	32595	development/preview	syntax/parse OK
preview/top-sugestii/compact.html	.html	7974	development/preview	syntax/parse OK
preview/top-sugestii/index.html	.html	2356	development/preview	syntax/parse OK
preview/trending-now-redesign/index.html	.html	4938	development/preview	syntax/parse OK
preview/trending-now-redesign/style.css	.css	1033	development/preview	syntax/parse OK
preview/trending-vertical/data.js	.js	28716	development/preview	syntax/parse OK
preview/trending-vertical/index.html	.html	9201	development/preview	syntax/parse OK
share-com-complet/index.html	.html	8494	development/preview	syntax/parse OK
share-com-complet/script.js	.js	2149	development/preview	syntax/parse OK
share-com-complet/styles.css	.css	11041	development/preview	syntax/parse OK
swap.js	.js	2185	production-root	syntax/parse OK
trending.css	.css	95429	production-root	syntax/parse OK
trending.js	.js	56193	production-root	syntax/parse OK
