file	context	selector	property	old_value	final_value	old_rule	final_rule
src/css/banner/02-banner-layout.css		.page:not(#__av_prio_a#__av_prio_b)	background	radial-gradient(circle at 12% 20%, rgba(80, 190, 165, 0.13), transparent 26%),     radial-gradient(circle at 86% 78%, rgba(26, 110, 98, 0.18), transparent 30%),     radial-gradient(circle at 50% 10%, rgba(184, 146, 94, 0.06), transparent 32%),     #071b21	radial-gradient(circle at 16% 12%, rgba(88, 196, 175, 0.14), transparent 26%),     radial-gradient(circle at 84% 18%, rgba(212, 183, 122, 0.08), transparent 24%),     radial-gradient(circle at 50% 88%, rgba(75, 131, 125, 0.14), transparent 30%),     linear-gradient(180deg, rgba(5, 42, 46, 0.98), rgba(3, 29, 34, 0.99))	0	5
src/css/banner/02-banner-layout.css		.banner-wrap:not(#__av_prio_a#__av_prio_b)	padding	26px 0 28px	20px 18px 18px	9	42
src/css/banner/02-banner-layout.css		.banner-wrap:not(#__av_prio_a#__av_prio_b)	padding	20px 0 18px	20px 18px 18px	11	42
src/css/banner/02-banner-layout.css		.banner-wrap:not(#__av_prio_a#__av_prio_b)	width	min(1790px, calc(100% - 32px))	100%	11	42
src/css/banner/02-banner-layout.css		.banner-wrap:not(#__av_prio_a#__av_prio_b)	max-width	1790px	none	11	42
src/css/banner/03-banner-transition.css		.banner-trending-join:not(#__av_prio_a#__av_prio_b)	z-index	4	12	1	31
src/css/banner/03-banner-transition.css		.banner-trending-join:not(#__av_prio_a#__av_prio_b)	z-index	24	12	12	31
src/css/banner/03-banner-transition.css		.banner-trending-join:not(#__av_prio_a#__av_prio_b)	max-width	1920px	none	1	12
src/css/banner/03-banner-transition.css		.banner-trending-join:not(#__av_prio_a#__av_prio_b)	min-width	1808px	0	1	12
src/css/banner/03-banner-transition.css		.banner-trending-join:not(#__av_prio_a#__av_prio_b)	height	clamp(60px, 4.4vw, 84px)	90px	1	24
src/css/banner/03-banner-transition.css		.banner-trending-join:not(#__av_prio_a#__av_prio_b)	height	82px	90px	12	24
src/css/banner/03-banner-transition.css		.banner-trending-join:not(#__av_prio_a#__av_prio_b)	margin	-2px auto 0	18px auto -90px	1	40
src/css/banner/03-banner-transition.css		.banner-trending-join:not(#__av_prio_a#__av_prio_b)	margin	-1px auto -82px	18px auto -90px	12	40
src/css/banner/03-banner-transition.css		.banner-trending-join:not(#__av_prio_a#__av_prio_b)	margin	-1px auto -90px	18px auto -90px	24	40
src/css/banner/03-banner-transition.css		.banner-trending-join:not(#__av_prio_a#__av_prio_b)	margin	8px auto -90px	18px auto -90px	31	40
src/css/banner/03-banner-transition.css		.banner-trending-join:not(#__av_prio_a#__av_prio_b)	background	#071b21	var(--avf-surface-top, #071b21)	1	12
src/css/banner/03-banner-transition.css		.banner-trending-join:not(#__av_prio_a#__av_prio_b)::before	inset	0	6px 0 0 0	13	25
src/css/banner/03-banner-transition.css	@media (max-width: 990px)	.banner-trending-join:not(#__av_prio_a#__av_prio_b)	height	68px	76px	20	26
src/css/banner/03-banner-transition.css	@media (max-width: 990px)	.banner-trending-join:not(#__av_prio_a#__av_prio_b)	margin-bottom	-68px	-76px	20	43
src/css/banner/03-banner-transition.css	@media (max-width: 620px)	.banner-trending-join:not(#__av_prio_a#__av_prio_b)	height	54px	60px	21	27
src/css/banner/03-banner-transition.css	@media (max-width: 620px)	.banner-trending-join:not(#__av_prio_a#__av_prio_b)	margin-bottom	-54px	-60px	21	46
src/css/banner/03-banner-transition.css	@media (max-width: 990px)	.banner-trending-join:not(#__av_prio_a#__av_prio_b)	margin-top	6px	14px	33	43
src/css/banner/03-banner-transition.css	@media (max-width: 620px)	.banner-trending-join:not(#__av_prio_a#__av_prio_b)	margin-top	4px	10px	34	46
src/css/banner/04-banner-color-merge.css		body .banner-wrap:not(#__av_prio_a#__av_prio_b)	padding-top	20px	92px	0	26
src/css/banner/04-banner-color-merge.css		body .banner-wrap:not(#__av_prio_a#__av_prio_b)	padding-top	28px	92px	8	26
src/css/banner/04-banner-color-merge.css		body .banner-slider:not(#__av_prio_a#__av_prio_b)	transform	translateY(-24px)	translateY(-10px)	1	9
src/css/banner/04-banner-color-merge.css		body .banner-slider:not(#__av_prio_a#__av_prio_b)	margin-bottom	-24px	-10px	1	9
src/css/banner/04-banner-color-merge.css	@media (max-width: 1279px)	body .banner-slider:not(#__av_prio_a#__av_prio_b)	transform	translateY(-18px)	translateY(-8px)	5	10
src/css/banner/04-banner-color-merge.css	@media (max-width: 1279px)	body .banner-slider:not(#__av_prio_a#__av_prio_b)	margin-bottom	-18px	-8px	5	10
src/css/banner/04-banner-color-merge.css	@media (max-width: 640px)	body .banner-slider:not(#__av_prio_a#__av_prio_b)	transform	translateY(-10px)	translateY(-4px)	6	12
src/css/banner/04-banner-color-merge.css	@media (max-width: 640px)	body .banner-slider:not(#__av_prio_a#__av_prio_b)	margin-bottom	-10px	-4px	6	12
src/css/banner/04-banner-color-merge.css	@media (max-width: 1279px)	body .banner-wrap:not(#__av_prio_a#__av_prio_b)	padding-top	24px	88px	11	27
src/css/banner/04-banner-color-merge.css	@media (max-width: 640px)	body .banner-wrap:not(#__av_prio_a#__av_prio_b)	padding-top	16px	82px	13	28
src/css/banner/04-banner-color-merge.css		body .banner-right:not(#__av_prio_a#__av_prio_b)	padding-top	52px	74px	14	20
src/css/banner/04-banner-color-merge.css		body .image-group:not(#__av_prio_a#__av_prio_b)	transform	translateY(26px)	translateY(54px)	15	21
src/css/banner/04-banner-color-merge.css	@media (max-width: 1279px)	body .banner-right:not(#__av_prio_a#__av_prio_b)	padding-top	40px	54px	16	22
src/css/banner/04-banner-color-merge.css	@media (max-width: 1279px)	body .image-group:not(#__av_prio_a#__av_prio_b)	transform	translateY(18px)	translateY(34px)	17	23
src/css/banner/04-banner-color-merge.css	@media (max-width: 640px)	body .banner-right:not(#__av_prio_a#__av_prio_b)	padding-top	26px	32px	18	24
src/css/banner/04-banner-color-merge.css	@media (max-width: 640px)	body .image-group:not(#__av_prio_a#__av_prio_b)	transform	translateY(10px)	translateY(18px)	19	25
src/css/banner/05-banner-final.css		body .page:not(#__av_prio_a#__av_prio_b)::after	content	""	none	1	17
src/css/banner/05-banner-final.css		body .page:not(#__av_prio_a#__av_prio_b)::after	top	-16px	0	1	17
src/css/banner/05-banner-final.css		body .page:not(#__av_prio_a#__av_prio_b)::after	top	calc(var(--av-equal-gap) * -1)	0	9	17
src/css/banner/05-banner-final.css		body .page:not(#__av_prio_a#__av_prio_b)::after	height	16px	0	1	17
src/css/banner/05-banner-final.css		body .page:not(#__av_prio_a#__av_prio_b)::after	height	var(--av-equal-gap)	0	9	17
src/css/banner/05-banner-final.css		body .page:not(#__av_prio_a#__av_prio_b)::before	inset	-16px 0 0 0	0 0 0 0	2	18
src/css/banner/05-banner-final.css		body .page:not(#__av_prio_a#__av_prio_b)::before	inset	calc(var(--av-equal-gap) * -1) 0 0 0	0 0 0 0	10	18
src/css/com/01-comments-core.css		.av10-card	grid-template-rows	70px minmax(0, 1fr) 50px	72px minmax(0, 1fr) 50px	26	94
src/css/com/01-comments-core.css		.av10-avatar	width	50px	56px	43	99
src/css/com/01-comments-core.css		.av10-avatar	height	50px	56px	43	99
src/css/com/01-comments-core.css		.av10-avatar	background	linear-gradient(145deg, color-mix(in srgb, var(--accent) 50%, #12353d), #10262c)	rgba(5, 24, 30, 0.88)	43	99
src/css/com/02-comments-layout.css		.av10-card	grid-template-rows	62px minmax(0, 1fr) 46px	60px minmax(0, 1fr) 44px	5	59
src/css/com/02-comments-layout.css		.av10-card	padding	12px 14px 12px	14px	5	59
src/css/com/02-comments-layout.css		.av10-head	min-height	56px	0	6	60
src/css/com/02-comments-layout.css		.av10-name	font-size	12.5px	14px	11	64
src/css/com/02-comments-layout.css		.av10-name	font-size	14.5px	14px	27	64
src/css/com/02-comments-layout.css		.av10-name	line-height	1.1	1.08	11	64
src/css/com/02-comments-layout.css		.av10-message	grid-template-rows	52px minmax(0, 1fr)	62px minmax(0, 1fr)	13	29
src/css/com/02-comments-layout.css		.av10-series	padding	6px 10px 6px 13px	8px 8px 8px 12px	14	68
src/css/com/02-comments-layout.css		.av10-series	padding	7px 8px 7px 12px	8px 8px 8px 12px	30	68
src/css/com/02-comments-layout.css		.av10-series-copy small	font-size	6.8px	7px	15	69
src/css/com/02-comments-layout.css		.av10-series-copy small	font-size	7.2px	7px	33	69
src/css/com/02-comments-layout.css		.av10-series-copy strong	font-size	9.8px	10.5px	16	70
src/css/com/02-comments-layout.css		.av10-series-copy strong	font-size	10.8px	10.5px	34	70
src/css/com/02-comments-layout.css		.av10-series-copy strong	line-height	1.15	1.08	16	34
src/css/com/02-comments-layout.css		.av10-body	padding	16px 13px 13px	15px 13px 13px	18	72
src/css/com/02-comments-layout.css		.av10-body	padding	13px 13px 12px	15px 13px 13px	37	72
src/css/com/02-comments-layout.css		.av10-text	line-height	1.58	1.55	19	73
src/css/com/02-comments-layout.css		.av10-text	line-height	1.57	1.55	38	73
src/css/com/02-comments-layout.css		.av10-footer	padding-top	6px	7px	20	39
src/css/com/02-comments-layout.css		.av10-reactions	height	40px	41px	21	40
src/css/com/02-comments-layout.css	@media (max-width: 1510px)	.av10-card	grid-template-rows	60px minmax(0, 1fr) 46px	58px minmax(0, 1fr) 44px	22	82
src/css/com/02-comments-layout.css		.av10-time	font-size	9px	8.8px	28	65
src/css/com/02-comments-layout.css		.av10-series	border-radius	12px	11px	30	68
src/css/com/02-comments-layout.css		.av10-text	letter-spacing	-0.012em	-0.01em	38	73
src/css/com/02-comments-layout.css		.av10-footer	height	48px	44px	39	75
src/css/com/02-comments-layout.css		.av10-reactions	padding	0	3px	40	76
src/css/com/02-comments-layout.css		.av10-reactions	border	0	1px solid rgba(145, 210, 204, 0.10)	40	76
src/css/com/02-comments-layout.css		.av10-reactions	background	transparent	rgba(1, 12, 16, 0.32)	40	76
src/css/com/02-comments-layout.css		.av10-reactions	box-shadow	none	inset 0 1px rgba(255,255,255,.025)	40	76
src/css/com/02-comments-layout.css		.av10-reactions	backdrop-filter	none	blur(10px)	40	76
src/css/com/02-comments-layout.css		.av10-reaction	gap	6px	5px	41	78
src/css/com/02-comments-layout.css		.av10-reaction	padding	0 7px	0 5px	41	78
src/css/com/02-comments-layout.css		.av10-reaction svg	width	13.5px	13px	42	80
src/css/com/02-comments-layout.css		.av10-reaction svg	height	13.5px	13px	42	80
src/css/com/02-comments-layout.css		.av10-reaction svg	padding	3.5px	2.5px	42	80
src/css/com/02-comments-layout.css		.av10-reaction span	min-width	10px	9px	43	81
src/css/com/02-comments-layout.css		.av10-reaction span	font-size	9.8px	9.3px	43	81
src/css/com/03-comments-refinement.css		.av10-card	height	430px	392px	2	78
src/css/com/03-comments-refinement.css		.av10-card	height	418px	392px	41	78
src/css/com/03-comments-refinement.css		.av10-card	height	402px	392px	69	78
src/css/com/03-comments-refinement.css		.av10-online	width	13px	10px	8	112
src/css/com/03-comments-refinement.css		.av10-online	height	13px	10px	8	112
src/css/com/03-comments-refinement.css		.av10-online	border-width	3px	2px	8	112
src/css/com/03-comments-refinement.css		.av10-identity	transform	none	translateY(-13px)	9	113
src/css/com/03-comments-refinement.css		.av10-name	font-size	15.6px	16.6px	10	119
src/css/com/03-comments-refinement.css		.av10-name	font-weight	840	850	10	119
src/css/com/03-comments-refinement.css		.av10-time	margin-top	5px	4px	11	120
src/css/com/03-comments-refinement.css		.av10-time	margin-top	3px	4px	115	120
src/css/com/03-comments-refinement.css		.av10-time	font-size	9.2px	10.2px	11	120
src/css/com/03-comments-refinement.css		.av10-time	font-weight	680	700	11	120
src/css/com/03-comments-refinement.css		.av10-series	flex	0 0 72px	0 0 52px	13	60
src/css/com/03-comments-refinement.css		.av10-series	flex	0 0 58px	0 0 52px	44	60
src/css/com/03-comments-refinement.css		.av10-series	width	calc(100% - 14px)	calc(100% - 34px)	13	60
src/css/com/03-comments-refinement.css		.av10-series	width	calc(100% - 16px)	calc(100% - 34px)	44	60
src/css/com/03-comments-refinement.css		.av10-series	height	72px	52px	13	60
src/css/com/03-comments-refinement.css		.av10-series	height	58px	52px	44	60
src/css/com/03-comments-refinement.css		.av10-series	margin	7px 7px 0	8px auto 0	13	60
src/css/com/03-comments-refinement.css		.av10-series	margin	8px 8px 0	8px auto 0	44	60
src/css/com/03-comments-refinement.css		.av10-series	grid-template-columns	minmax(0, 1fr) 28px	minmax(0, 1fr) 22px	13	60
src/css/com/03-comments-refinement.css		.av10-series	grid-template-columns	minmax(0, 1fr) 24px	minmax(0, 1fr) 22px	44	60
src/css/com/03-comments-refinement.css		.av10-series	padding	9px 9px 9px 13px	7px 10px 7px 13px	13	60
src/css/com/03-comments-refinement.css		.av10-series	padding	8px 10px 8px 14px	7px 10px 7px 13px	44	60
src/css/com/03-comments-refinement.css		.av10-series-copy small	font-size	7.3px	8.5px	14	91
src/css/com/03-comments-refinement.css		.av10-series-copy small	font-size	6.9px	8.5px	47	91
src/css/com/03-comments-refinement.css		.av10-series-copy small	font-size	6.6px	8.5px	62	91
src/css/com/03-comments-refinement.css		.av10-series-copy small	font-weight	850	840	14	47
src/css/com/03-comments-refinement.css		.av10-series-copy small	line-height	1.05	1	14	47
src/css/com/03-comments-refinement.css		.av10-series-copy strong	display	-webkit-box	block	15	48
src/css/com/03-comments-refinement.css		.av10-series-copy strong	margin-top	6px	4px	15	63
src/css/com/03-comments-refinement.css		.av10-series-copy strong	margin-top	5px	4px	48	63
src/css/com/03-comments-refinement.css		.av10-series-copy strong	font-size	11.7px	12.2px	15	92
src/css/com/03-comments-refinement.css		.av10-series-copy strong	font-size	11.9px	12.2px	48	92
src/css/com/03-comments-refinement.css		.av10-series-copy strong	font-size	11.3px	12.2px	63	92
src/css/com/03-comments-refinement.css		.av10-series-copy strong	line-height	1.14	1.12	15	92
src/css/com/03-comments-refinement.css		.av10-series-copy strong	line-height	1.1	1.12	63	92
src/css/com/03-comments-refinement.css		.av10-series-copy strong	white-space	normal	nowrap	15	48
src/css/com/03-comments-refinement.css		.av10-series-copy strong	text-overflow	unset	ellipsis	15	48
src/css/com/03-comments-refinement.css		.av10-series-arrow	width	28px	22px	16	101
src/css/com/03-comments-refinement.css		.av10-series-arrow	width	24px	22px	49	101
src/css/com/03-comments-refinement.css		.av10-series-arrow	height	28px	22px	16	101
src/css/com/03-comments-refinement.css		.av10-series-arrow	height	24px	22px	49	101
src/css/com/03-comments-refinement.css		.av10-series-arrow	font-size	18px	15px	16	64
src/css/com/03-comments-refinement.css		.av10-series-arrow	font-size	16px	15px	49	64
src/css/com/03-comments-refinement.css		.av10-body	padding	14px 13px 12px	8px 13px 8px	17	81
src/css/com/03-comments-refinement.css		.av10-body	padding	12px 13px 12px	8px 13px 8px	52	81
src/css/com/03-comments-refinement.css		.av10-body	padding	10px 13px 10px	8px 13px 8px	70	81
src/css/com/03-comments-refinement.css		.av10-text	font-size	12px	13.7px	18	105
src/css/com/03-comments-refinement.css		.av10-text	font-size	11.9px	13.7px	53	105
src/css/com/03-comments-refinement.css		.av10-text	font-size	11.6px	13.7px	71	105
src/css/com/03-comments-refinement.css		.av10-text	font-size	11.3px	13.7px	82	105
src/css/com/03-comments-refinement.css		.av10-text	font-size	12.1px	13.7px	90	105
src/css/com/03-comments-refinement.css		.av10-text	font-size	12.7px	13.7px	99	105
src/css/com/03-comments-refinement.css	@media (max-width: 1510px)	.av10-card	height	408px	382px	23	84
src/css/com/03-comments-refinement.css	@media (max-width: 1510px)	.av10-card	height	400px	382px	54	84
src/css/com/03-comments-refinement.css	@media (max-width: 1510px)	.av10-card	height	390px	382px	73	84
src/css/com/03-comments-refinement.css	@media (max-width: 1510px)	.av10-name	font-size	15px	16.2px	27	121
src/css/com/03-comments-refinement.css	@media (max-width: 1510px)	.av10-time	font-size	9px	10px	28	122
src/css/com/03-comments-refinement.css	@media (max-width: 1510px)	.av10-series	flex-basis	68px	50px	29	66
src/css/com/03-comments-refinement.css	@media (max-width: 1510px)	.av10-series	flex-basis	56px	50px	55	66
src/css/com/03-comments-refinement.css	@media (max-width: 1510px)	.av10-series	height	68px	50px	29	66
src/css/com/03-comments-refinement.css	@media (max-width: 1510px)	.av10-series	height	56px	50px	55	66
src/css/com/03-comments-refinement.css	@media (max-width: 1510px)	.av10-series	width	calc(100% - 12px)	calc(100% - 28px)	29	66
src/css/com/03-comments-refinement.css	@media (max-width: 1510px)	.av10-series	width	calc(100% - 14px)	calc(100% - 28px)	55	66
src/css/com/03-comments-refinement.css	@media (max-width: 1510px)	.av10-series-copy strong	font-size	11.1px	11.5px	30	95
src/css/com/03-comments-refinement.css	@media (max-width: 1510px)	.av10-series-copy strong	font-size	11.4px	11.5px	56	95
src/css/com/03-comments-refinement.css	@media (max-width: 1510px)	.av10-series-copy strong	font-size	11px	11.5px	67	95
src/css/com/03-comments-refinement.css	@media (max-width: 1510px)	.av10-text	font-size	11.8px	12.8px	31	109
src/css/com/03-comments-refinement.css	@media (max-width: 1510px)	.av10-text	font-size	11.7px	12.8px	57	109
src/css/com/03-comments-refinement.css	@media (max-width: 1510px)	.av10-text	font-size	11.4px	12.8px	75	109
src/css/com/03-comments-refinement.css	@media (max-width: 1510px)	.av10-text	font-size	11.1px	12.8px	87	109
src/css/com/03-comments-refinement.css	@media (max-width: 1510px)	.av10-text	font-size	11.9px	12.8px	94	109
src/css/com/03-comments-refinement.css	@media (max-width: 1510px)	.av10-text	font-size	12.3px	12.8px	102	109
src/css/com/03-comments-refinement.css	@media (max-width: 620px)	.av10-card	height	424px	388px	35	88
src/css/com/03-comments-refinement.css	@media (max-width: 620px)	.av10-card	height	412px	388px	58	88
src/css/com/03-comments-refinement.css	@media (max-width: 620px)	.av10-card	height	398px	388px	76	88
src/css/com/03-comments-refinement.css	@media (max-width: 620px)	.av10-name	font-size	15.4px	16.4px	38	123
src/css/com/03-comments-refinement.css	@media (max-width: 620px)	.av10-series	flex-basis	70px	52px	39	68
src/css/com/03-comments-refinement.css	@media (max-width: 620px)	.av10-series	flex-basis	58px	52px	59	68
src/css/com/03-comments-refinement.css	@media (max-width: 620px)	.av10-series	height	70px	52px	39	68
src/css/com/03-comments-refinement.css	@media (max-width: 620px)	.av10-series	height	58px	52px	59	68
src/css/com/03-comments-refinement.css	@media (max-width: 620px)	.av10-series-copy strong	font-size	11.4px	11.6px	40	97
src/css/com/03-comments-refinement.css		.av10-series	gap	10px	9px	44	60
src/css/com/03-comments-refinement.css		.av10-series	border-radius	14px	13px	44	60
src/css/com/03-comments-refinement.css		.av10-series::before	top	11px	10px	45	61
src/css/com/03-comments-refinement.css		.av10-series::before	bottom	11px	10px	45	61
src/css/com/03-comments-refinement.css		.av10-series-arrow	border-radius	8px	7px	49	64
src/css/com/03-comments-refinement.css		.av10-series-arrow	color	#e4ca82	transparent	49	106
src/css/com/03-comments-refinement.css		.av10-text	line-clamp	6	4	53	82
src/css/com/03-comments-refinement.css		.av10-text	line-clamp	5	4	71	82
src/css/com/03-comments-refinement.css	@media (max-width: 1510px)	.av10-series	padding-left	13px	12px	55	66
src/css/com/03-comments-refinement.css		.av10-symbol	font-size	40px	36px	72	83
src/css/com/03-comments-refinement.css		.av10-symbol	bottom	4px	6px	72	83
src/css/com/03-comments-refinement.css	@media (max-width: 1510px)	.av10-body	padding-top	9px	8px	74	86
src/css/com/03-comments-refinement.css	@media (max-width: 1510px)	.av10-body	padding-bottom	9px	8px	74	86
src/css/com/03-comments-refinement.css	@media (max-width: 1510px)	.av10-text	line-clamp	5	4	75	87
src/css/com/03-comments-refinement.css	@media (max-width: 620px)	.av10-text	font-size	11.5px	12.9px	77	111
src/css/com/03-comments-refinement.css	@media (max-width: 620px)	.av10-text	font-size	12px	12.9px	96	111
src/css/com/03-comments-refinement.css	@media (max-width: 620px)	.av10-text	font-size	12.4px	12.9px	104	111
src/css/com/03-comments-refinement.css		.av10-text	line-height	1.46	1.56	82	105
src/css/com/03-comments-refinement.css		.av10-text	line-height	1.5	1.56	90	105
src/css/com/03-comments-refinement.css		.av10-text	line-height	1.54	1.56	99	105
src/css/com/03-comments-refinement.css		.av10-series-arrow	display	grid	flex	93	101
src/css/com/03-comments-refinement.css		.av10-name	line-height	1.06	1.04	114	119
src/css/com/04-comments-header.css		.comentarii-title-line	gap	6px	7px	2	33
src/css/com/04-comments-header.css		.comentarii-title-line	gap	9px	7px	24	33
src/css/com/04-comments-header.css		.comentarii-title-line::after	display	block	flex	3	35
src/css/com/04-comments-header.css		.comentarii-title-line::after	color	#78dccc	#79cfc5	3	35
src/css/com/04-comments-header.css		.comentarii-title-line::after	color	rgba(120, 220, 204, 0.82)	#79cfc5	26	35
src/css/com/04-comments-header.css		.comentarii-title-line::after	font-size	9px	8.1px	3	35
src/css/com/04-comments-header.css		.comentarii-title-line::after	font-size	8.4px	8.1px	26	35
src/css/com/04-comments-header.css		.comentarii-title-line::after	font-weight	850	800	3	35
src/css/com/04-comments-header.css		.comentarii-title-line::after	letter-spacing	0.18em	0.16em	3	35
src/css/com/04-comments-header.css		.comentarii-title-line::after	letter-spacing	0.19em	0.16em	26	35
src/css/com/04-comments-header.css		.comentarii-tabs	margin-top	1px	0	8	36
src/css/com/04-comments-header.css		.comentarii-top	align-items	flex-start	center	12	32
src/css/com/04-comments-header.css		.comentarii-top	gap	16px	18px	12	32
src/css/com/04-comments-header.css		.comentarii-tabs	gap	8px	7px	13	36
src/css/com/04-comments-header.css		.com-category-selector	grid-template-columns	minmax(0, 1fr) 18px	minmax(0, 1fr) 14px	17	38
src/css/com/04-comments-header.css		.com-category-selector	grid-template-columns	minmax(0, 1fr) 16px	minmax(0, 1fr) 14px	27	38
src/css/com/04-comments-header.css		.com-category-selector	gap	4px	2px	17	38
src/css/com/04-comments-header.css		.com-category-selector	padding	0 9px 0 13px	0 7px 0 10px	17	38
src/css/com/04-comments-header.css		.com-category-selector .com-cat-arrow	width	18px	14px	19	40
src/css/com/04-comments-header.css		.com-category-selector .com-cat-arrow	width	16px	14px	29	40
src/css/com/04-comments-header.css		.com-category-selector .com-cat-arrow	height	18px	14px	19	40
src/css/com/04-comments-header.css		.com-category-selector .com-cat-arrow	height	16px	14px	29	40
src/css/com/04-comments-header.css		.com-category-selector .com-cat-arrow	font-size	17px	14px	19	40
src/css/com/04-comments-header.css		.comentarii-title-group h2	line-height	0.98	1	25	34
src/css/com/04-comments-header.css		.com-category-selector	width	88px	76px	27	38
src/css/com/04-comments-header.css		.com-category-selector	min-width	88px	76px	27	38
src/css/com/04-comments-header.css		.com-category-selector	border-radius	10px	9px	27	38
src/css/com/04-comments-header.css		.com-category-selector	margin-top	2px	0	27	38
src/css/com/04-comments-header.css		.com-category-selector .com-cat-label	font-size	8.7px	8.4px	28	39
src/css/com/04-comments-header.css	@media (max-width: 990px)	.comentarii-title-line	gap	8px	6px	30	43
src/css/com/04-comments-header.css	@media (max-width: 990px)	.com-category-selector	width	86px	74px	31	44
src/css/com/04-comments-header.css	@media (max-width: 990px)	.com-category-selector	min-width	86px	74px	31	44
src/css/com/06-comments-art.css		.av10-card::after	background	radial-gradient(circle at 84% 18%, color-mix(in srgb, var(--accent) 10%, transparent) 0 0, color-mix(in srgb, var(--accent) 18%, transparent) 0 54px, transparent 96px),     linear-gradient(112deg, transparent 0 13%, color-mix(in srgb, var(--accent) 8%, transparent) 13.3% 14.1%, transparent 14.5% 100%),     linear-gradient(126deg, transparent 0 26%, rgba(255,255,255,.03) 26.3% 27.1%, transparent 27.5% 100%),     linear-gradient(142deg, transparent 0 58%, color-mix(in srgb, var(--accent) 6%, transparent) 58.4% 59%, transparent 59.4% 100%),     repeating-linear-gradient(-21deg,       transparent 0 22px,       color-mix(in srgb, var(--accent) 3.8%, transparent) 22px 24px,       transparent 24px 62px),     repeating-linear-gradient(94deg,       transparent 0 68px,       rgba(255,255,255,.018) 68px 69px,       transparent 69px 128px)	radial-gradient(ellipse at 7% 81%,       color-mix(in srgb, var(--accent) 20%, transparent) 0 14px,       color-mix(in srgb, var(--accent) 10%, transparent) 30px,       transparent 68px),     linear-gradient(154deg,       transparent 0 67%,       color-mix(in srgb, var(--accent) 9%, transparent) 67.3% 68.2%,       transparent 68.7% 100%),     radial-gradient(circle at 84% 18%, color-mix(in srgb, var(--accent) 10%, transparent) 0 0, color-mix(in srgb, var(--accent) 18%, transparent) 0 54px, transparent 96px),     linear-gradient(112deg, transparent 0 13%, color-mix(in srgb, var(--accent) 8%, transparent) 13.3% 14.1%, transparent 14.5% 100%),     linear-gradient(126deg, transparent 0 26%, rgba(255,255,255,.03) 26.3% 27.1%, transparent 27.5% 100%),     linear-gradient(142deg, transparent 0 58%, color-mix(in srgb, var(--accent) 6%, transparent) 58.4% 59%, transparent 59.4% 100%),     repeating-linear-gradient(-21deg,       transparent 0 22px,       color-mix(in srgb, var(--accent) 3.8%, transparent) 22px 24px,       transparent 24px 62px),     repeating-linear-gradient(94deg,       transparent 0 68px,       rgba(255,255,255,.018) 68px 69px,       transparent 69px 128px)	4	17
src/css/com/06-comments-art.css		.av10-card:not(#__av_prio_a#__av_prio_b)	height	416px	404px	26	38
src/css/com/06-comments-art.css		.av10-series:not(#__av_prio_a#__av_prio_b)	flex	0 0 68px	0 0 54px	27	62
src/css/com/06-comments-art.css		.av10-series:not(#__av_prio_a#__av_prio_b)	flex	0 0 58px	0 0 54px	39	62
src/css/com/06-comments-art.css		.av10-series:not(#__av_prio_a#__av_prio_b)	flex	0 0 50px	0 0 54px	55	62
src/css/com/06-comments-art.css		.av10-series:not(#__av_prio_a#__av_prio_b)	height	68px	54px	27	62
src/css/com/06-comments-art.css		.av10-series:not(#__av_prio_a#__av_prio_b)	height	58px	54px	39	62
src/css/com/06-comments-art.css		.av10-series:not(#__av_prio_a#__av_prio_b)	height	50px	54px	55	62
src/css/com/06-comments-art.css		.av10-series:not(#__av_prio_a#__av_prio_b)	align-items	start	center	27	39
src/css/com/06-comments-art.css		.av10-series:not(#__av_prio_a#__av_prio_b)	padding	9px 8px 8px 12px	5px 8px 5px 12px	27	62
src/css/com/06-comments-art.css		.av10-series:not(#__av_prio_a#__av_prio_b)	padding	8px 8px 8px 12px	5px 8px 5px 12px	39	62
src/css/com/06-comments-art.css		.av10-series:not(#__av_prio_a#__av_prio_b)	padding	4px 8px 4px 12px	5px 8px 5px 12px	55	62
src/css/com/06-comments-art.css		.av10-series-copy strong:not(#__av_prio_a#__av_prio_b)	margin-top	4px	1px	29	60
src/css/com/06-comments-art.css		.av10-series-copy strong:not(#__av_prio_a#__av_prio_b)	margin-top	3px	1px	42	60
src/css/com/06-comments-art.css		.av10-series-copy strong:not(#__av_prio_a#__av_prio_b)	margin-top	2px	1px	56	60
src/css/com/06-comments-art.css		.av10-series-meta:not(#__av_prio_a#__av_prio_b)	margin-top	4px	1px	30	61
src/css/com/06-comments-art.css		.av10-series-meta:not(#__av_prio_a#__av_prio_b)	margin-top	3px	1px	43	61
src/css/com/06-comments-art.css		.av10-series-meta:not(#__av_prio_a#__av_prio_b)	margin-top	2px	1px	57	61
src/css/com/06-comments-art.css		.av10-series-meta:not(#__av_prio_a#__av_prio_b)	color	color-mix(in srgb, var(--accent) 42%, #cfe8e6)	color-mix(in srgb, var(--accent) 58%, #d9efeb)	30	43
src/css/com/06-comments-art.css		.av10-series-meta:not(#__av_prio_a#__av_prio_b)	font-size	7.2px	9.5px	30	43
src/css/com/06-comments-art.css		.av10-series-meta:not(#__av_prio_a#__av_prio_b)	font-weight	760	800	30	43
src/css/com/06-comments-art.css		.av10-series-meta:not(#__av_prio_a#__av_prio_b)	line-height	1.1	1.05	30	43
src/css/com/06-comments-art.css		.av10-series-meta:not(#__av_prio_a#__av_prio_b)	letter-spacing	0.04em	0.03em	30	43
src/css/com/06-comments-art.css		.av10-series-meta:not(#__av_prio_a#__av_prio_b)	opacity	0.96	0.98	30	43
src/css/com/06-comments-art.css	@media (max-width: 1510px)	.av10-card:not(#__av_prio_a#__av_prio_b)	height	360px	352px	32	45
src/css/com/06-comments-art.css	@media (max-width: 1510px)	.av10-series:not(#__av_prio_a#__av_prio_b)	flex-basis	66px	53px	33	65
src/css/com/06-comments-art.css	@media (max-width: 1510px)	.av10-series:not(#__av_prio_a#__av_prio_b)	flex-basis	56px	53px	46	65
src/css/com/06-comments-art.css	@media (max-width: 1510px)	.av10-series:not(#__av_prio_a#__av_prio_b)	flex-basis	49px	53px	58	65
src/css/com/06-comments-art.css	@media (max-width: 1510px)	.av10-series:not(#__av_prio_a#__av_prio_b)	height	66px	53px	33	65
src/css/com/06-comments-art.css	@media (max-width: 1510px)	.av10-series:not(#__av_prio_a#__av_prio_b)	height	56px	53px	46	65
src/css/com/06-comments-art.css	@media (max-width: 1510px)	.av10-series:not(#__av_prio_a#__av_prio_b)	height	49px	53px	58	65
src/css/com/06-comments-art.css	@media (max-width: 1510px)	.av10-series-meta:not(#__av_prio_a#__av_prio_b)	font-size	7px	8.2px	34	49
src/css/com/06-comments-art.css	@media (max-width: 620px)	.av10-card:not(#__av_prio_a#__av_prio_b)	height	370px	362px	35	50
src/css/com/06-comments-art.css	@media (max-width: 620px)	.av10-series:not(#__av_prio_a#__av_prio_b)	flex-basis	64px	53px	36	67
src/css/com/06-comments-art.css	@media (max-width: 620px)	.av10-series:not(#__av_prio_a#__av_prio_b)	flex-basis	55px	53px	51	67
src/css/com/06-comments-art.css	@media (max-width: 620px)	.av10-series:not(#__av_prio_a#__av_prio_b)	flex-basis	49px	53px	59	67
src/css/com/06-comments-art.css	@media (max-width: 620px)	.av10-series:not(#__av_prio_a#__av_prio_b)	height	64px	53px	36	67
src/css/com/06-comments-art.css	@media (max-width: 620px)	.av10-series:not(#__av_prio_a#__av_prio_b)	height	55px	53px	51	67
src/css/com/06-comments-art.css	@media (max-width: 620px)	.av10-series:not(#__av_prio_a#__av_prio_b)	height	49px	53px	59	67
src/css/com/06-comments-art.css	@media (max-width: 620px)	.av10-series-meta:not(#__av_prio_a#__av_prio_b)	font-size	6.8px	8px	37	54
src/css/com/06-comments-art.css		.av10-series-copy:not(#__av_prio_a#__av_prio_b)	display	block	flex	40	63
src/css/components/UPC.css		.carousel-collection.av-entertainment-shell	width	calc(100% - 16px)	100%	0	364
src/css/components/UPC.css		.carousel-collection.av-entertainment-shell	max-width	1900px	none	0	364
src/css/components/UPC.css		.carousel-collection.av-entertainment-shell	border	1px solid rgba(121, 235, 255, 0.10)	0	0	364
src/css/components/UPC.css		.carousel-collection.av-entertainment-shell	background	radial-gradient(circle at 50% -8%, rgba(121,235,255,.055), transparent 28%),         linear-gradient(180deg, rgba(8,25,32,.98), rgba(7,19,25,.99))	var(--avf-surface-top, #071b21)	0	364
src/css/components/UPC.css		.carousel-collection .carousel-track-wrapper	height	304px	320px	16	97
src/css/components/UPC.css		.carousel-collection .card-inner	transition	transform .70s cubic-bezier(.2,.8,.2,1)	transform .62s cubic-bezier(.20,.80,.20,1),         -webkit-transform .62s cubic-bezier(.20,.80,.20,1)	37	147
src/css/components/UPC.css		.carousel-collection .card-label	font-size	16px	17px	47	110
src/css/components/UPC.css		.carousel-collection .card-label	font-weight	850	900	47	110
src/css/components/UPC.css		.carousel-collection .card-label	line-height	1.12	1.08	47	110
src/css/components/UPC.css		.carousel-collection .card-back	display	flex	block	49	78
src/css/components/UPC.css		.carousel-collection .card-back	border	1px solid rgba(121,235,255,.23)	1px solid rgba(121,235,255,.30)	49	115
src/css/components/UPC.css		.carousel-collection .card-back	background	radial-gradient(circle at 86% 10%, rgba(191,248,255,.10), transparent 30%),         linear-gradient(155deg, #0c4d5c 0%, #12667b 48%, #0a3340 100%)	radial-gradient(circle at 92% 8%, rgba(99,255,208,.10), transparent 27%),         radial-gradient(circle at 8% 92%, rgba(82,124,229,.12), transparent 32%),         linear-gradient(155deg, #0a3945 0%, #0b5060 52%, #082d38 100%)	49	115
src/css/components/UPC.css		.carousel-collection .card-back	background	radial-gradient(circle at 86% 8%, rgba(99,255,208,.10), transparent 30%),         radial-gradient(circle at 7% 92%, rgba(121,235,255,.08), transparent 30%),         linear-gradient(155deg, #0c3d4a 0%, #0b5160 48%, #082d38 100%)	radial-gradient(circle at 92% 8%, rgba(99,255,208,.10), transparent 27%),         radial-gradient(circle at 8% 92%, rgba(82,124,229,.12), transparent 32%),         linear-gradient(155deg, #0a3945 0%, #0b5060 52%, #082d38 100%)	78	115
src/css/components/UPC.css		.carousel-collection .card-back-content	display	flex	block	56	116
src/css/components/UPC.css		.carousel-collection .card-back-inner	padding	18px 14px 0	13px 12px 0	58	80
src/css/components/UPC.css		.carousel-collection .card-title	color	#f1feff	#ffffff	59	84
src/css/components/UPC.css		.carousel-collection .card-title	font-size	17px	18px	59	84
src/css/components/UPC.css		.carousel-collection .card-title	line-height	1.12	1.08	59	84
src/css/components/UPC.css		.carousel-collection .card-title	letter-spacing	-.02em	-.035em	59	84
src/css/components/UPC.css		.carousel-collection .card-title	text-align	center	left	59	84
src/css/components/UPC.css		.carousel-collection .card-back-sep	margin	10px 0 12px	8px 0 9px	60	85
src/css/components/UPC.css		.carousel-collection .card-back-meta	display	flex	grid	64	86
src/css/components/UPC.css		.carousel-collection .card-back-meta	margin	0 0 12px	0 0 9px	64	86
src/css/components/UPC.css		.carousel-collection .card-back-meta-label	color	rgba(191,248,255,.48)	rgba(170, 226, 233, .58)	67	90
src/css/components/UPC.css		.carousel-collection .card-back-meta-label	letter-spacing	.16em	.10em	67	90
src/css/components/UPC.css		.carousel-collection .card-back-meta-value	color	rgba(238,254,255,.86)	#f7ffff	68	91
src/css/components/UPC.css		.carousel-collection .card-desc	color	rgba(225,247,250,.70)	rgba(230, 248, 250, .76)	69	94
src/css/components/UPC.css		.carousel-collection .card-desc	line-clamp	5	4	69	94
src/css/components/UPC.css		.carousel-collection .card-back-btn	height	36px	31px	70	96
src/css/components/UPC.css		.carousel-collection .card-back-btn	margin	10px 12px 12px	8px 12px 11px	70	96
src/css/components/UPC.css		.carousel-collection .card-back-btn	border-radius	999px	9px	70	96
src/css/components/UPC.css		.carousel-collection .card-back-btn	background	linear-gradient(180deg, rgba(7,27,34,.92), rgba(7,19,25,.98))	linear-gradient(110deg, #527ce5, #29b8ad)	70	96
src/css/components/UPC.css		.carousel-collection .card-back-btn	color	#aefcff	#fff	70	96
src/css/components/UPC.css		.carousel-collection .card-back-btn	letter-spacing	.17em	.06em	70	96
src/css/components/UPC.css		.carousel-collection .card-back-btn	text-transform	uppercase	none	70	96
src/css/components/UPC.css		.carousel-collection .av-card-front-meta	min-height	15px	17px	74	358
src/css/components/UPC.css		.carousel-collection .av-card-front-meta	margin-top	4px	6px	74	358
src/css/components/UPC.css		.carousel-collection .av-card-front-meta	margin-top	5px	6px	111	358
src/css/components/UPC.css		.carousel-collection .av-card-front-meta	gap	6px	7px	74	358
src/css/components/UPC.css		.carousel-collection .av-card-front-meta	font-size	8.5px	10.5px	74	358
src/css/components/UPC.css		.carousel-collection .av-card-front-meta	font-size	9px	10.5px	111	358
src/css/components/UPC.css		.carousel-collection .av-card-front-meta	font-weight	800	900	74	358
src/css/components/UPC.css		.carousel-collection .av-card-front-meta	letter-spacing	.08em	.07em	74	358
src/css/components/UPC.css		.carousel-collection .av-card-front-meta	letter-spacing	.075em	.07em	111	358
src/css/components/UPC.css		.carousel-collection .av-card-front-meta .av-front-dot	width	3px	3.5px	76	360
src/css/components/UPC.css		.carousel-collection .av-card-front-meta .av-front-dot	height	3px	3.5px	76	360
src/css/components/UPC.css	@media (max-width: 700px)	.carousel-collection.av-entertainment-shell	margin-bottom	24px	0	104	368
src/css/components/UPC.css		.carousel-collection .av-back-sheet	padding	9px	7px	117	160
src/css/components/UPC.css		.carousel-collection .av-back-sheet	grid-template-rows	auto auto auto 1fr auto auto	auto         auto         minmax(0, 1fr)         auto         auto	117	160
src/css/components/UPC.css		.carousel-collection .av-back-sheet	gap	6px	5px	117	160
src/css/components/UPC.css		.carousel-collection .av-back-head	min-height	42px	37px	118	161
src/css/components/UPC.css		.carousel-collection .av-back-head	padding	7px 8px	5px 7px	118	161
src/css/components/UPC.css		.carousel-collection .av-back-head	gap	4px 8px	3px 6px	118	161
src/css/components/UPC.css		.carousel-collection .av-back-head	border-radius	10px	9px	118	161
src/css/components/UPC.css		.carousel-collection .av-back-topline	gap	6px	5px	119	162
src/css/components/UPC.css		.carousel-collection .av-back-topline	font-size	6.4px	5.7px	119	162
src/css/components/UPC.css		.carousel-collection .av-back-topline	letter-spacing	.10em	.08em	119	162
src/css/components/UPC.css		.carousel-collection .av-back-topline i	width	18px	14px	120	163
src/css/components/UPC.css		.carousel-collection .av-back-rating	font-size	10px	8.8px	121	164
src/css/components/UPC.css		.carousel-collection .av-back-name	font-size	14px	12.5px	122	165
src/css/components/UPC.css		.carousel-collection .av-back-name	line-height	1.08	1.03	122	165
src/css/components/UPC.css		.carousel-collection .av-back-trio	grid-template-columns	1fr 56px 1fr	1fr 48px 1fr	123	166
src/css/components/UPC.css		.carousel-collection .av-back-trio	gap	5px	4px	123	166
src/css/components/UPC.css		.carousel-collection .av-back-stat small, .carousel-collection .av-back-center small	margin-bottom	3px	2px	125	167
src/css/components/UPC.css		.carousel-collection .av-back-stat small, .carousel-collection .av-back-center small	font-size	5.6px	5px	125	167
src/css/components/UPC.css		.carousel-collection .av-back-stat strong	font-size	8px	7.1px	126	168
src/css/components/UPC.css		.carousel-collection .av-back-center	width	56px	48px	127	169
src/css/components/UPC.css		.carousel-collection .av-back-center	height	56px	48px	127	169
src/css/components/UPC.css		.carousel-collection .av-back-center	border-radius	16px	14px	127	169
src/css/components/UPC.css		.carousel-collection .av-back-center b	font-size	24px	20px	128	170
src/css/components/UPC.css		.carousel-collection .av-back-center span	margin-top	3px	2px	129	171
src/css/components/UPC.css		.carousel-collection .av-back-center span	font-size	4.8px	4.1px	129	171
src/css/components/UPC.css		.carousel-collection .av-back-description	min-height	68px	0	130	172
src/css/components/UPC.css		.carousel-collection .av-back-description	padding	19px 8px 7px	17px 7px 6px	130	172
src/css/components/UPC.css		.carousel-collection .av-back-description	border-radius	10px	9px	130	172
src/css/components/UPC.css		.carousel-collection .av-back-description	font-size	7.4px	6.6px	130	172
src/css/components/UPC.css		.carousel-collection .av-back-description	line-height	1.35	1.28	130	172
src/css/components/UPC.css		.carousel-collection .av-back-description::before	top	7px	6px	131	173
src/css/components/UPC.css		.carousel-collection .av-back-description::before	font-size	5.4px	4.9px	131	173
src/css/components/UPC.css		.carousel-collection .av-back-footer-info	padding	0 5px	0 3px	133	175
src/css/components/UPC.css		.carousel-collection .av-back-footer-info	gap	6px	5px	133	175
src/css/components/UPC.css		.carousel-collection .av-back-footer-info i	height	18px	16px	134	176
src/css/components/UPC.css		.carousel-collection .av-back-footer-info small	margin-bottom	2px	1px	135	177
src/css/components/UPC.css		.carousel-collection .av-back-footer-info small	font-size	5.4px	4.7px	135	177
src/css/components/UPC.css		.carousel-collection .av-back-footer-info strong	font-size	7.7px	6.7px	136	178
src/css/components/UPC.css		.carousel-collection .av-back-actions	grid-template-columns	minmax(0, 1fr) 36px	minmax(0, 1fr) 31px	140	179
src/css/components/UPC.css		.carousel-collection .av-back-actions	gap	6px	5px	140	179
src/css/components/UPC.css		.carousel-collection .av-back-watch, .carousel-collection .av-back-plus	height	31px	27px	141	180
src/css/components/UPC.css		.carousel-collection .av-back-watch, .carousel-collection .av-back-plus	border-radius	8px	7px	141	180
src/css/components/UPC.css		.carousel-collection .av-back-watch	font-size	7.5px	6.5px	142	181
src/css/components/UPC.css		.carousel-collection .av-back-plus	font-size	18px	15px	143	182
src/css/components/UPC.css		.carousel-collection .av31-back	padding	9px	8px	193	219
src/css/components/UPC.css		.carousel-collection .av31-back	grid-template-rows	auto auto minmax(0, 1fr) auto	50px 40px minmax(0, 1fr) 31px	193	219
src/css/components/UPC.css		.carousel-collection .av31-back-head	padding	8px 9px 7px	7px 9px	194	220
src/css/components/UPC.css		.carousel-collection .av31-back-head	grid-template-columns	minmax(0, 1fr) auto	1fr auto	194	220
src/css/components/UPC.css		.carousel-collection .av31-back-head	gap	5px 8px	2px 8px	194	220
src/css/components/UPC.css		.carousel-collection .av31-back-head	border-radius	11px	10px	194	220
src/css/components/UPC.css		.carousel-collection .av31-category	font-size	7.6px	7.8px	195	221
src/css/components/UPC.css		.carousel-collection .av31-category	letter-spacing	.10em	.095em	195	221
src/css/components/UPC.css		.carousel-collection .av31-back-head h3	color	#ffffff	#fff	197	223
src/css/components/UPC.css		.carousel-collection .av31-back-head h3	font-size	16px	16.5px	197	223
src/css/components/UPC.css		.carousel-collection .av31-back-head h3	line-height	1.08	1	197	223
src/css/components/UPC.css		.carousel-collection .av31-facts	grid-template-columns	1fr auto 1fr	repeat(3, minmax(0, 1fr))	198	224
src/css/components/UPC.css		.carousel-collection .av31-facts	gap	6px	5px	198	224
src/css/components/UPC.css		.carousel-collection .av31-facts	align-items	center	stretch	198	224
src/css/components/UPC.css		.carousel-collection .av31-facts .av31-episode	min-width	48px	0	202	226
src/css/components/UPC.css		.carousel-collection .av31-facts .av31-episode	grid-template-columns	auto auto	none	202	226
src/css/components/UPC.css		.carousel-collection .av31-facts .av31-episode	border-radius	999px	9px	202	226
src/css/components/UPC.css		.carousel-collection .av31-description	padding	9px 9px 8px	9px 8px 8px	204	230
src/css/components/UPC.css		.carousel-collection .av31-description	border-radius	11px	10px	204	230
src/css/components/UPC.css		.carousel-collection .av31-description > strong	color	#7ce5d2	#79e3d0	205	231
src/css/components/UPC.css		.carousel-collection .av31-description > strong	font-size	6.2px	6.4px	205	231
src/css/components/UPC.css		.carousel-collection .av31-description > strong	letter-spacing	.10em	.09em	205	231
src/css/components/UPC.css		.carousel-collection .av31-description p	color	rgba(240,252,253,.84)	rgba(243,252,253,.88)	206	232
src/css/components/UPC.css		.carousel-collection .av31-description p	font-size	8.2px	8.5px	206	232
src/css/components/UPC.css		.carousel-collection .av31-description p	font-weight	560	600	206	232
src/css/components/UPC.css		.carousel-collection .av31-description p	line-height	1.38	1.36	206	232
src/css/components/UPC.css	@media (max-width: 1400px)	.carousel-collection .av31-back-head	padding	6px 7px	6px 8px	209	235
src/css/components/UPC.css	@media (max-width: 1400px)	.carousel-collection .av31-category	font-size	6.7px	7px	210	236
src/css/components/UPC.css	@media (max-width: 1400px)	.carousel-collection .av31-rating	font-size	9px	9.5px	211	237
src/css/components/UPC.css	@media (max-width: 1400px)	.carousel-collection .av31-back-head h3	font-size	14px	15px	212	238
src/css/components/UPC.css	@media (max-width: 1400px)	.carousel-collection .av31-description	padding	7px 8px	8px 7px 7px	216	244
src/css/components/UPC.css	@media (max-width: 1400px)	.carousel-collection .av31-description p	font-size	7.3px	7.7px	217	246
src/css/components/UPC.css	@media (max-width: 1400px)	.carousel-collection .av31-watch	height	28px	29px	218	247
src/css/components/UPC.css	@media (max-width: 1400px)	.carousel-collection .av31-watch	min-height	28px	29px	218	247
src/css/components/UPC.css	@media (max-width: 1400px)	.carousel-collection .av31-watch	font-size	7.6px	9px	218	247
src/css/components/UPC.css		.av-card-popover-wrap .av-popup-panel	grid-template-rows	16px         26px         58px         minmax(86px, 1fr)         34px         36px	18px         24px         56px         minmax(76px, 1fr)         30px         32px	283	324
src/css/components/UPC.css		.av-card-popover-wrap .av-popup-category	font	900 9px/1 Inter, "Segoe UI", sans-serif	900 10px/1 Inter, "Segoe UI", sans-serif	289	326
src/css/components/UPC.css		.av-card-popover-wrap .av-popup-category	letter-spacing	.10em	.09em	289	326
src/css/components/UPC.css		.av-card-popover-wrap .av-popup-rating	font	900 14px/1 Inter, "Segoe UI", sans-serif	900 13px/1 Inter, "Segoe UI", sans-serif	290	327
src/css/components/UPC.css		.av-card-popover-wrap .av-popup-title	padding	0 4px	0 3px	291	328
src/css/components/UPC.css		.av-card-popover-wrap .av-popup-title	align-self	start	center	291	328
src/css/components/UPC.css		.av-card-popover-wrap .av-popup-title	font	900 19.5px/1 Inter, "Segoe UI", sans-serif	900 20px/1 Inter, "Segoe UI", sans-serif	291	328
src/css/components/UPC.css		.av-card-popover-wrap .av-popup-trio	height	58px	56px	292	329
src/css/components/UPC.css		.av-card-popover-wrap .av-popup-trio	padding	6px 8px	5px 7px	292	329
src/css/components/UPC.css		.av-card-popover-wrap .av-popup-trio	border-radius	12px	11px	292	329
src/css/components/UPC.css		.av-card-popover-wrap .av-popup-info	gap	4px	3px	293	330
src/css/components/UPC.css		.av-card-popover-wrap .av-popup-info small, .av-card-popover-wrap .av-popup-center small	letter-spacing	.08em	.085em	294	331
src/css/components/UPC.css		.av-card-popover-wrap .av-popup-center	width	56px	58px	296	333
src/css/components/UPC.css		.av-card-popover-wrap .av-popup-center	height	44px	46px	296	333
src/css/components/UPC.css		.av-card-popover-wrap .av-popup-desc	min-height	86px	0	298	335
src/css/components/UPC.css		.av-card-popover-wrap .av-popup-desc	padding	8px 10px 7px	8px 9px 7px	298	335
src/css/components/UPC.css		.av-card-popover-wrap .av-popup-desc	border-radius	12px	11px	298	335
src/css/components/UPC.css		.av-card-popover-wrap .av-popup-desc small	margin-bottom	5px	6px	299	336
src/css/components/UPC.css		.av-card-popover-wrap .av-popup-desc p	font	750 10.1px/1.3 Inter, "Segoe UI", sans-serif	700 9.7px/1.30 Inter, "Segoe UI", sans-serif	300	337
src/css/components/UPC.css		.av-card-popover-wrap .av-popup-desc p	text-align	center	left	300	337
src/css/components/UPC.css		.av-card-popover-wrap .av-popup-footer	height	34px	30px	301	338
src/css/components/UPC.css		.av-card-popover-wrap .av-popup-footer i	height	22px	20px	303	339
src/css/components/UPC.css		.av-card-popover-wrap .av-popup-footer small	margin-bottom	3px	2px	304	340
src/css/components/UPC.css		.av-card-popover-wrap .av-popup-footer small	letter-spacing	.08em	.085em	304	340
src/css/components/UPC.css		.av-card-popover-wrap .av-popup-watch	height	36px	32px	307	342
src/css/components/UPC.css		.av-card-popover-wrap .av-popup-watch	min-height	36px	32px	307	342
src/css/components/UPC.css		.av-card-popover-wrap .av-popup-watch	border-radius	10px	9px	307	342
src/css/components/UPC.css	@media (max-width: 720px)	.av-card-popover-wrap .av-popup-panel	grid-template-rows	15px             23px             54px             minmax(74px, 1fr)             32px             34px	16px             22px             52px             minmax(68px, 1fr)             28px             30px	310	345
src/css/components/UPC.css	@media (max-width: 720px)	.av-card-popover-wrap .av-popup-category	font-size	8px	9px	311	346
src/css/components/UPC.css	@media (max-width: 720px)	.av-card-popover-wrap .av-popup-rating	font-size	12px	11.5px	312	347
src/css/components/UPC.css	@media (max-width: 720px)	.av-card-popover-wrap .av-popup-title	font-size	17px	17.5px	313	348
src/css/components/UPC.css	@media (max-width: 720px)	.av-card-popover-wrap .av-popup-trio	height	54px	52px	314	349
src/css/components/UPC.css	@media (max-width: 720px)	.av-card-popover-wrap .av-popup-trio	grid-template-columns	minmax(0, 1fr) 52px minmax(0, 1fr)	minmax(0, 1fr) 54px minmax(0, 1fr)	314	349
src/css/components/UPC.css	@media (max-width: 720px)	.av-card-popover-wrap .av-popup-trio	padding	5px	4px 6px	314	349
src/css/components/UPC.css	@media (max-width: 720px)	.av-card-popover-wrap .av-popup-center	width	50px	52px	315	350
src/css/components/UPC.css	@media (max-width: 720px)	.av-card-popover-wrap .av-popup-center	height	40px	42px	315	350
src/css/components/UPC.css	@media (max-width: 720px)	.av-card-popover-wrap .av-popup-center b	font-size	22px	24px	316	351
src/css/components/UPC.css	@media (max-width: 720px)	.av-card-popover-wrap .av-popup-info strong	font-size	11px	12px	317	352
src/css/components/UPC.css	@media (max-width: 720px)	.av-card-popover-wrap .av-popup-desc p	font-size	9.4px	8.8px	319	354
src/css/components/UPC.css	@media (max-width: 720px)	.av-card-popover-wrap .av-popup-footer	height	32px	28px	320	355
src/css/components/UPC.css	@media (max-width: 720px)	.av-card-popover-wrap .av-popup-footer strong	font-size	8.3px	8px	321	356
src/css/components/UPC.css	@media (max-width: 720px)	.av-card-popover-wrap .av-popup-watch	height	34px	30px	322	357
src/css/components/UPC.css	@media (max-width: 720px)	.av-card-popover-wrap .av-popup-watch	min-height	34px	30px	322	357
src/css/components/UPC.css	@media (max-width: 720px)	.av-card-popover-wrap .av-popup-watch	font-size	9.5px	9.2px	322	357
src/css/components/footer.css		.avf-outline-word	z-index	0	1	3	121
src/css/components/footer.css		.avf-outline-word	left	50%	auto	3	121
src/css/components/footer.css		.avf-outline-word	top	32%	200px	3	121
src/css/components/footer.css		.avf-outline-word	justify-content	center	flex-end	3	121
src/css/components/footer.css		.avf-outline-word	transform	translate(-50%, -50%)	none	3	121
src/css/components/footer.css		.avf-outline-word span	transform	translate(var(--avf-dx), var(--avf-dy))     rotate(var(--avf-rot))     scale(0.84)	translate3d(0, 0, 0) rotate(0deg) scale(1)	4	150
src/css/components/footer.css		.avf-hero	min-height	360px	350px	7	81
src/css/components/footer.css		.avf-hero	padding	34px 46px 14px	18px 46px 14px	7	81
src/css/components/footer.css		.avf-hero	align-items	center	start	7	81
src/css/components/footer.css		.avf-hero-copy	max-width	870px	1040px	8	82
src/css/components/footer.css		.avf-brand	margin-bottom	22px	14px	9	204
src/css/components/footer.css		.avf-brand	margin-bottom	28px	14px	72	204
src/css/components/footer.css		.avf-logo	width	82px	var(--avf-logo-size)	10	208
src/css/components/footer.css		.avf-logo	height	82px	var(--avf-logo-size)	10	208
src/css/components/footer.css		.avf-brand-copy strong	color	#f0ffff	#f4ffff	12	163
src/css/components/footer.css		.avf-brand-copy strong	font-size	11px	var(--avf-brand-title-size)	12	209
src/css/components/footer.css		.avf-brand-copy strong	font-size	14px	var(--avf-brand-title-size)	163	209
src/css/components/footer.css		.avf-brand-copy strong	font-size	16px	var(--avf-brand-title-size)	167	209
src/css/components/footer.css		.avf-brand-copy strong	font-weight	950	700	12	163
src/css/components/footer.css		.avf-brand-copy strong	letter-spacing	0.20em	0.13em	12	167
src/css/components/footer.css		.avf-brand-copy strong	letter-spacing	0.14em	0.13em	163	167
src/css/components/footer.css		.avf-brand-copy span	margin-top	6px	8px	13	168
src/css/components/footer.css		.avf-brand-copy span	color	#62868e	#739aa2	13	164
src/css/components/footer.css		.avf-brand-copy span	font-size	9px	var(--avf-tagline-size)	13	210
src/css/components/footer.css		.avf-brand-copy span	font-size	10.5px	var(--avf-tagline-size)	164	210
src/css/components/footer.css		.avf-brand-copy span	font-size	11.5px	var(--avf-tagline-size)	168	210
src/css/components/footer.css		.avf-brand-copy span	font-weight	800	600	13	164
src/css/components/footer.css		.avf-headline	max-width	790px	none	14	84
src/css/components/footer.css		.avf-headline	gap	7px	8px	14	84
src/css/components/footer.css		.avf-headline-top, .avf-headline-bottom	font-size	clamp(35px, 3.7vw, 64px)	var(--avf-headline-size)	15	211
src/css/components/footer.css		.avf-headline-top, .avf-headline-bottom	font-size	clamp(30px, 3vw, 52px)	var(--avf-headline-size)	85	211
src/css/components/footer.css		.avf-headline-top, .avf-headline-bottom	text-wrap	balance	nowrap	15	85
src/css/components/footer.css		.avf-character	max-height	355px	350px	24	212
src/css/components/footer.css		.avf-nav-columns	grid-template-columns	repeat(4, minmax(0, 1fr))	repeat(5, minmax(0, 1fr))	39	124
src/css/components/footer.css		.avf-nav-columns	gap	10px	0	39	124
src/css/components/footer.css		.avf-nav-column	padding	0 24px	0 28px	40	125
src/css/components/footer.css		.avf-nav-column	padding	0 20px	0 28px	87	125
src/css/components/footer.css		.avf-nav-column strong	margin-bottom	13px	16px	42	126
src/css/components/footer.css		.avf-nav-column strong	margin-bottom	15px	16px	88	126
src/css/components/footer.css		.avf-nav-column strong	font-size	11.5px	var(--avf-label-size)	42	217
src/css/components/footer.css		.avf-bottom	width	min(100%, 900px)	min(100%, 1260px)	45	100
src/css/components/footer.css		.avf-bottom	padding	24px 28px 32px	24px 36px 34px	45	100
src/css/components/footer.css		.avf-bottom p	max-width	720px	1160px	46	101
src/css/components/footer.css		.avf-bottom p	color	#6c8c93	#6e9097	46	101
src/css/components/footer.css		.avf-bottom p	line-height	1.7	1.68	46	101
src/css/components/footer.css		.avf-bottom strong	color	#8eb7be	#c9eef2	47	102
src/css/components/footer.css		.avf-bottom strong	font-weight	850	900	47	102
src/css/components/footer.css	@media (max-width: 1120px)	.avf-hero	min-height	600px	590px	50	108
src/css/components/footer.css	@media (max-width: 1120px)	.avf-outline-word	top	27%	95px	53	122
src/css/components/footer.css	@media (max-width: 820px)	.avf-hero	padding	28px 20px 10px	18px 20px 10px	56	113
src/css/components/footer.css	@media (max-width: 820px)	.avf-headline-top,   .avf-headline-bottom	font-size	clamp(34px, 10vw, 44px)	clamp(16px, 5.25vw, 28px)	58	116
src/css/components/footer.css	@media (max-width: 820px)	.avf-outline-word	top	20%	92px	59	123
src/css/components/footer.css	@media (max-width: 820px)	.avf-character	max-height	290px	310px	62	227
src/css/components/footer.css	@media (max-width: 820px)	.avf-nav-column	padding	12px 6px	13px 6px	69	144
src/css/components/footer.css		.avf-social-stack	margin-top	2px	0	90	128
src/css/components/footer.css		.avf-social-item	transition	transform .2s ease,     border-color .2s ease,     background .2s ease,     box-shadow .2s ease	color .18s ease, transform .18s ease	91	129
src/css/components/footer.css		.avf-social-item:not(#__av_prio_a#__av_prio_b)	width	100%	max-content	92	130
src/css/components/footer.css		.avf-social-item:not(#__av_prio_a#__av_prio_b)	max-width	255px	100%	92	130
src/css/components/footer.css		.avf-social-item:hover:not(#__av_prio_a#__av_prio_b)	transform	translateY(-2px)	translateX(3px)	94	131
src/css/components/footer.css		.avf-social-item-icon	transition	transform .2s ease, filter .2s ease	color .18s ease, border-color .18s ease, background .18s ease	95	132
src/css/components/footer.css		.avf-bottom p	font-size	11.5px	12px	101	220
src/css/components/footer.css	@media (max-width: 1320px)	.avf-nav-columns	row-gap	26px	24px	105	141
src/css/components/footer.css	@media (max-width: 820px)	.avf-brand	margin-bottom	28px	22px	114	226
src/css/components/footer.css	@media (max-width: 820px)	.avf-social-item:not(#__av_prio_a#__av_prio_b)	max-width	360px	100%	118	145
src/css/components/footer.css		.avf-social-item-icon:not(#__av_prio_a#__av_prio_b)	width	27px	30px	133	219
src/css/components/footer.css		.avf-social-item-icon:not(#__av_prio_a#__av_prio_b)	height	27px	30px	133	219
src/css/components/footer.css		.avf-az-title::after	font-size	10.5px	11.5px	148	216
src/css/components/footer.css		.avf-brand-copy strong	line-height	1	1.02	163	167
src/css/components/footer.css		.avf-brand-copy span	line-height	1.35	1.32	164	168
src/css/components/footer.css	@media (max-width: 820px)	.avf-brand-copy strong	font-size	13px	14px	165	192
src/css/components/footer.css	@media (max-width: 820px)	.avf-brand-copy span	font-size	10px	10.5px	166	193
src/css/components/footer.css	@media (min-width: 1321px)	.avf-character	max-height	315px	360px	174	222
src/css/components/footer.css	@media (min-width: 1321px) and (max-height: 820px)	.avf-brand	margin-bottom	26px	10px	185	238
src/css/main/01-foundation.css		.buttons button, .logout	animation	buttonIdle 6s ease-in-out infinite	softBreath 5s ease-in-out infinite	47	49
src/css/main/01-foundation.css		.buttons button, .logout	animation	buttonIdle 6s ease-in-out infinite,     subtleFloat 6s ease-in-out infinite	softBreath 5s ease-in-out infinite	48	49
src/css/main/01-foundation.css		.serii-cerute::before	z-index	0	-1	132	133
src/css/main/01-foundation.css		.badge	position	absolute	relative	165	166
src/css/main/02-hall-of-fame.css		.desene-wrap .a-card .a-side .bad.bad-mini	top	0px	0	137	190
src/css/main/02-hall-of-fame.css		.desene-wrap .a-card .a-side .bad.bad-mini	left	3px	0	137	190
src/css/main/02-hall-of-fame.css		.desene-wrap .a-card .a-side .bad.bad-mini	display	inline-block	block	137	190
src/css/main/02-hall-of-fame.css		.desene-wrap .a-card .a-side .bad.bad-mini::after	left	42%	50%	138	192
src/css/main/02-hall-of-fame.css		.desene-wrap .a-card .a-side .bad.bad-mini::after	width	2ch	35px	138	192
src/css/main/03-navigation.css		.top-sugestii-panel .ts-category	height	46px	40px	18	74
src/css/main/03-navigation.css		.top-sugestii-panel .ts-category-track	width	274px	max-content	19	75
src/css/main/03-navigation.css		.top-sugestii-panel .ts-category-track	height	42px	34px	19	75
src/css/main/03-navigation.css		.top-sugestii-panel .ts-category-track	grid-template-columns	42px minmax(0, 1fr) 42px	26px auto 26px	19	75
src/css/main/03-navigation.css		.top-sugestii-panel .ts-category-track	overflow	hidden	visible	19	75
src/css/main/03-navigation.css		.top-sugestii-panel .ts-category-track	border-radius	14px	0	19	75
src/css/main/03-navigation.css		.top-sugestii-panel .ts-category-track	border	1px solid rgba(255, 255, 255, 0.12)	0	19	75
src/css/main/03-navigation.css		.top-sugestii-panel .ts-category-track	background	linear-gradient(     135deg,     rgba(5, 20, 31, 0.64),     rgba(6, 43, 47, 0.54)   )	transparent	19	75
src/css/main/03-navigation.css		.top-sugestii-panel .ts-category-track	box-shadow	0 10px 22px rgba(0, 0, 0, 0.18),     inset 0 1px 0 rgba(255, 255, 255, 0.055)	none	19	75
src/css/main/03-navigation.css		.top-sugestii-panel .ts-cat-arrow	width	100%	26px	20	76
src/css/main/03-navigation.css		.top-sugestii-panel .ts-cat-arrow	height	100%	30px	20	76
src/css/main/03-navigation.css		.top-sugestii-panel .ts-cat-arrow	color	#ead29d	rgba(255, 255, 255, 0.52)	20	76
src/css/main/03-navigation.css		.top-sugestii-panel .ts-cat-arrow	font-size	20px	18px	20	76
src/css/main/03-navigation.css		.top-sugestii-panel .ts-cat-arrow	transition	background 0.2s ease, color 0.2s ease, transform 0.2s ease	color 0.2s ease,     background 0.2s ease,     transform 0.2s ease	20	76
src/css/main/03-navigation.css		.top-sugestii-panel .ts-cat-arrow:hover	background	rgba(255, 255, 255, 0.07)	rgba(255, 255, 255, 0.05)	23	78
src/css/main/03-navigation.css		.top-sugestii-panel .ts-cat-arrow:active	transform	scale(0.92)	scale(0.94)	24	79
src/css/main/03-navigation.css		.top-sugestii-panel .ts-cat-arrow:focus-visible	outline	2px solid rgba(143, 255, 224, 0.72)	1px solid rgba(255, 255, 255, 0.32)	25	80
src/css/main/03-navigation.css		.top-sugestii-panel .ts-cat-arrow:focus-visible	outline-offset	-3px	1px	25	80
src/css/main/03-navigation.css		.top-sugestii-panel .ts-cat-main	min-width	0	70px	26	81
src/css/main/03-navigation.css		.top-sugestii-panel .ts-cat-main	height	100%	30px	26	81
src/css/main/03-navigation.css		.top-sugestii-panel .ts-cat-main	flex-direction	column	row	26	81
src/css/main/03-navigation.css		.top-sugestii-panel .ts-cat-main	gap	1px	0	26	81
src/css/main/03-navigation.css		.top-sugestii-panel .ts-cat-main strong	font-size	11px	12px	28	84
src/css/main/03-navigation.css		.top-sugestii-panel .ts-cat-main strong	font-weight	900	800	28	84
src/css/main/03-navigation.css		.top-sugestii-panel .ts-cat-main strong	letter-spacing	0.035em	0.03em	28	84
src/css/main/03-navigation.css		.top-sugestii-panel .ts-cat-main strong	color	#f8fafc	rgba(255, 255, 255, 0.90)	28	84
src/css/main/03-navigation.css		.top-sugestii-panel .ts-score-row	gap	7px	0	46	85
src/css/main/03-navigation.css		.top-sugestii-panel .ts-score-row	flex-wrap	wrap	nowrap	46	85
src/css/main/03-navigation.css		.top-sugestii-panel .ts-score	height	26px	25px	47	86
src/css/main/03-navigation.css		.top-sugestii-panel .ts-score	padding	0 9px	0 8px	47	86
src/css/main/03-navigation.css		.top-sugestii-panel .ts-score	gap	4px	5px	47	86
src/css/main/03-navigation.css		.top-sugestii-panel .ts-score	border-radius	8px	6px	47	86
src/css/main/03-navigation.css		.top-sugestii-panel .ts-score	border	1px solid rgba(255, 255, 255, 0.08)	0	47	86
src/css/main/03-navigation.css		.top-sugestii-panel .ts-score	background	rgba(0, 0, 0, 0.17)	transparent	47	86
src/css/main/03-navigation.css		.top-sugestii-panel .ts-row-scores	gap	10px	11px	63	92
src/css/main/03-navigation.css		.staff-activity-panel	padding	14px	10px	96	118
src/css/main/03-navigation.css		.staff-activity-panel	border	3px solid rgba(255, 255, 255, 0.829)	2px solid rgba(222, 255, 249, .9)	96	118
src/css/main/03-navigation.css		.staff-activity-panel	background	rgba(8, 8, 8, 0.18)	radial-gradient(circle at 13% 4%, rgba(81, 127, 239, .74), transparent 40%),     radial-gradient(circle at 92% 20%, rgba(16, 167, 135, .64), transparent 45%),     linear-gradient(145deg, #173b81, #005f59 115%)	96	118
src/css/main/03-navigation.css		.staff-activity-panel	box-shadow	0 28px 80px rgba(0, 0, 0, 0.58),     0 0 24px rgba(39, 39, 39, 0.35),     inset 0 1px 0 rgba(255, 255, 255, 0.06)	0 20px 50px rgba(0, 0, 0, .48), inset 0 1px rgba(255, 255, 255, .18)	96	118
src/css/main/05-sidebar-effects.css		.serii-programate	height	430px	585px	45	102
src/css/main/05-sidebar-effects.css	@media (max-width: 390px)	.serii-programate	height	425px	585px	93	114
src/css/main/06-favorites.css		.serii-cerute.serii-favorite-refresh	height	835px	831px	0	88
src/css/main/06-favorites.css		.serii-cerute.serii-favorite-refresh	height	806px	831px	73	88
src/css/main/06-favorites.css		.serii-favorite-refresh .fav-list	gap	9px	8px	17	74
src/css/main/06-favorites.css		.serii-favorite-refresh .fav-list	min-height	596px	592px	17	74
src/css/main/06-favorites.css		.serii-favorite-refresh .fav-info	row-gap	4px	11px	28	89
src/css/main/06-favorites.css		.serii-favorite-refresh .fav-info	row-gap	5px	11px	77	89
src/css/main/06-favorites.css		.serii-favorite-refresh .fav-name	line-height	1.16	1.2	29	78
src/css/main/06-favorites.css		.serii-favorite-refresh .fav-badges	gap	4px	6px	30	79
src/css/main/06-favorites.css		.serii-favorite-refresh .fav-tag	height	18px	20px	31	91
src/css/main/06-favorites.css		.serii-favorite-refresh .fav-tag	padding	0 6px	0 7px	31	91
src/css/main/06-favorites.css		.serii-favorite-refresh .fav-tag	font-size	7.8px	8.6px	31	91
src/css/main/06-favorites.css		.serii-favorite-refresh .fav-views	gap	4px	5px	36	80
src/css/main/06-favorites.css		.serii-favorite-refresh .fav-views	font-size	8.5px	9.5px	36	92
src/css/main/06-favorites.css		.serii-favorite-refresh .fav-views	font-weight	800	850	36	92
src/css/main/06-favorites.css		.serii-favorite-refresh .fav-action	z-index	50	100	39	82
src/css/main/06-favorites.css		.serii-favorite-refresh .fav-footer	flex	0 0 38px	0 0 32px	47	85
src/css/main/06-favorites.css		.serii-favorite-refresh .fav-footer	height	38px	32px	47	85
src/css/main/06-favorites.css		.serii-favorite-refresh .fav-footer	margin-top	9px	13px	47	85
src/css/main/06-favorites.css		.serii-favorite-refresh .fav-footer	top	-3px	5px	47	85
src/css/main/06-favorites.css		.serii-favorite-refresh .fav-footer	font-size	9.7px	9.8px	47	85
src/css/main/06-favorites.css		.serii-favorite-refresh .fav-info	grid-template-rows	18px 18px 14px	18px 20px 16px	77	89
src/css/main/08-news-and-effects.css		.av-news-featured::after	z-index	-1	1	3	38
src/css/main/08-news-and-effects.css		.av-news-featured::after	background	radial-gradient(circle at 82% 10%, rgba(103, 231, 202, .08), transparent 35%),     linear-gradient(145deg, rgba(9, 44, 68, .97), rgba(4, 34, 47, .95))	radial-gradient(circle at 82% 10%, rgba(103, 231, 202, .08), transparent 35%),     linear-gradient(145deg, rgba(9, 44, 68, .98), rgba(4, 34, 47, .97))	3	38
src/css/main/08-news-and-effects.css		.av-news-featured	box-shadow	0 0 10px rgba(63, 232, 218, .25),     0 0 22px rgba(38, 167, 255, .13),     inset 0 1px rgba(255, 255, 255, .04),     0 14px 28px rgba(0, 15, 24, .15)	inset 0 1px rgba(255, 255, 255, .04),     0 14px 28px rgba(0, 15, 24, .15)	21	41
src/css/main/08-news-and-effects.css		.av-news-led-frame	display	block	none	24	29
src/css/main/08-news-and-effects.css		.av-news-led-track	inset	-5px	-42px	34	48
src/css/main/08-news-and-effects.css		.av-news-led-track	inset	-9px	-42px	39	48
src/css/main/08-news-and-effects.css		.av-news-led-track	inset	-34px	-42px	43	48
src/css/main/08-news-and-effects.css		.av-news-led-track	inset	-22px	-42px	45	48
src/css/main/08-news-and-effects.css		.av-news-led-line	width	104px	180px	35	49
src/css/main/08-news-and-effects.css		.av-news-led-line	width	118px	180px	40	49
src/css/main/08-news-and-effects.css		.av-news-led-line	width	176px	180px	44	49
src/css/main/08-news-and-effects.css		.av-news-led-line	height	5px	84px	35	49
src/css/main/08-news-and-effects.css		.av-news-led-line	height	10px	84px	40	49
src/css/main/08-news-and-effects.css		.av-news-led-line	height	76px	84px	44	49
src/css/main/08-news-and-effects.css		.av-news-led-line	border-radius	999px	50%	35	49
src/css/main/08-news-and-effects.css		.av-news-led-line	border-radius	44% 56% 52% 48% / 55% 46% 54% 45%	50%	46	49
src/css/main/08-news-and-effects.css		.av-news-led-line	background	linear-gradient(     90deg,     transparent 0%,     rgba(41, 171, 255, .05) 10%,     rgba(53, 222, 229, .14) 30%,     rgba(76, 255, 219, .34) 57%,     rgba(108, 255, 227, .70) 82%,     #effffc 100%   )	radial-gradient(ellipse at 32% 54%, rgba(83, 237, 228, .32) 0 15%, rgba(39, 186, 225, .17) 42%, transparent 78%),     radial-gradient(ellipse at 66% 38%, rgba(111, 255, 226, .27) 0 12%, rgba(42, 204, 220, .15) 38%, transparent 75%),     radial-gradient(ellipse at 77% 70%, rgba(42, 164, 239, .18) 0 11%, transparent 69%)	35	49
src/css/main/08-news-and-effects.css		.av-news-led-line	background	radial-gradient(       ellipse at 76% 50%,       rgba(160, 255, 239, .34) 0%,       rgba(104, 255, 225, .30) 20%,       rgba(56, 222, 224, .22) 43%,       rgba(36, 157, 255, .12) 64%,       transparent 86%     ),     radial-gradient(       ellipse at 38% 50%,       rgba(58, 208, 221, .14),       transparent 78%     )	radial-gradient(ellipse at 32% 54%, rgba(83, 237, 228, .32) 0 15%, rgba(39, 186, 225, .17) 42%, transparent 78%),     radial-gradient(ellipse at 66% 38%, rgba(111, 255, 226, .27) 0 12%, rgba(42, 204, 220, .15) 38%, transparent 75%),     radial-gradient(ellipse at 77% 70%, rgba(42, 164, 239, .18) 0 11%, transparent 69%)	44	49
src/css/main/08-news-and-effects.css		.av-news-led-line	background	radial-gradient(ellipse at 24% 46%, rgba(73, 223, 230, .26) 0 17%, rgba(45, 190, 225, .16) 35%, transparent 67%),     radial-gradient(ellipse at 52% 30%, rgba(106, 255, 224, .24) 0 14%, rgba(50, 218, 217, .14) 34%, transparent 64%),     radial-gradient(ellipse at 72% 62%, rgba(70, 228, 218, .22) 0 16%, rgba(31, 161, 235, .13) 38%, transparent 69%),     radial-gradient(ellipse at 43% 76%, rgba(37, 168, 237, .17) 0 15%, transparent 62%)	radial-gradient(ellipse at 32% 54%, rgba(83, 237, 228, .32) 0 15%, rgba(39, 186, 225, .17) 42%, transparent 78%),     radial-gradient(ellipse at 66% 38%, rgba(111, 255, 226, .27) 0 12%, rgba(42, 204, 220, .15) 38%, transparent 75%),     radial-gradient(ellipse at 77% 70%, rgba(42, 164, 239, .18) 0 11%, transparent 69%)	46	49
src/css/main/08-news-and-effects.css		.av-news-led-line	box-shadow	0 0 6px rgba(102, 255, 225, .58),     0 0 13px rgba(39, 187, 255, .28)	0 0 10px 3px rgba(102, 255, 225, .42),     0 0 24px 7px rgba(39, 187, 255, .20)	35	40
src/css/main/08-news-and-effects.css		.av-news-led-line	offset-path	inset(3px round 18px)	inset(16px round 32px)	35	49
src/css/main/08-news-and-effects.css		.av-news-led-line	offset-path	inset(4px round 21px)	inset(16px round 32px)	40	49
src/css/main/08-news-and-effects.css		.av-news-led-line	offset-path	inset(16px round 34px)	inset(16px round 32px)	44	49
src/css/main/08-news-and-effects.css		.av-news-led-line	animation	avNewsLedLineRun 6s linear infinite	avNewsLedLineRun 12s linear infinite	35	49
src/css/main/08-news-and-effects.css		.av-news-led-line	animation	avNewsFogDrift 11s ease-in-out infinite alternate	avNewsLedLineRun 12s linear infinite	46	49
src/css/main/08-news-and-effects.css		.av-news-led-line	opacity	.82	.94	46	49
src/css/main/08-news-and-effects.css		.av-news-led-line	background-size	126% 148%, 138% 132%, 128% 146%, 146% 142%	auto	46	49
src/css/main/08-news-and-effects.css		.av-news-led-line	background-position	-12% 42%, 52% -16%, 112% 66%, 34% 112%	0 0	46	49
src/css/main/10-responsive-final.css		.share-banner-container:not(#__av_prio_a#__av_prio_b)::after	content	none	""	16	27
src/css/main/10-responsive-final.css		.share-com-v-top:not(#__av_prio_a#__av_prio_b), .share-com-v-bottom:not(#__av_prio_a#__av_prio_b)	display	none	block	20	32
src/css/main/10-responsive-final.css		.share-com-v-join svg:not(#__av_prio_a#__av_prio_b)	filter	none	drop-shadow(0 14px 20px rgba(0,0,0,.24))       drop-shadow(0 0 12px rgba(212,183,122,.045))	21	30
src/css/trending/03-trending-responsive.css		#trendingMaster .trending-pair	transition	transform .28s ease, border-color .28s ease, box-shadow .28s ease	transform .32s cubic-bezier(.22, 1, .36, 1), border-color .3s ease, box-shadow .3s ease	28	65
src/css/trending/03-trending-responsive.css		#trendingMaster .avt-rank	left	1.7%	1.4%	39	80
src/css/trending/03-trending-responsive.css		#trendingMaster .avt-rank	bottom	.9%	.45%	39	80
src/css/trending/03-trending-responsive.css		#trendingMaster .avt-rank	width	22.5%	20%	39	80
src/css/trending/04-trending-refinements.css		#trendingMaster .trending-pair::before	z-index	2	4	0	94
src/css/trending/04-trending-refinements.css		#trendingMaster .trending-pair::before	z-index	5	4	73	94
src/css/trending/04-trending-refinements.css		#trendingMaster .trending-pair::before	z-index	6	4	82	94
src/css/trending/04-trending-refinements.css		#trendingMaster .trending-pair::before	background	linear-gradient(180deg, rgba(255,255,255,.035), transparent 22%, transparent 78%, rgba(255,255,255,.025))	conic-gradient(from 0deg, transparent 0deg 36deg, rgba(255,255,255,.04) 50deg, #7de1d0 72deg, color-mix(in srgb, var(--avt-rank-color) 76%, #d7c995) 88deg, rgba(88,126,184,.72) 106deg, transparent 128deg 360deg)	0	82
src/css/trending/04-trending-refinements.css		#trendingMaster .trending-pair::before	background	linear-gradient(180deg, rgba(255,255,255,.04), transparent 24%, transparent 76%, rgba(255,255,255,.02)),     linear-gradient(135deg, rgba(255,255,255,.018), transparent 38%, transparent 68%, rgba(111,183,173,.05))	conic-gradient(from 0deg, transparent 0deg 36deg, rgba(255,255,255,.04) 50deg, #7de1d0 72deg, color-mix(in srgb, var(--avt-rank-color) 76%, #d7c995) 88deg, rgba(88,126,184,.72) 106deg, transparent 128deg 360deg)	29	82
src/css/trending/04-trending-refinements.css		#trendingMaster .trending-pair::before	background	linear-gradient(180deg, rgba(255,255,255,.028), transparent 26%, transparent 74%, rgba(255,255,255,.012))	conic-gradient(from 0deg, transparent 0deg 36deg, rgba(255,255,255,.04) 50deg, #7de1d0 72deg, color-mix(in srgb, var(--avt-rank-color) 76%, #d7c995) 88deg, rgba(88,126,184,.72) 106deg, transparent 128deg 360deg)	55	82
src/css/trending/04-trending-refinements.css		#trendingMaster .trending-pair::before	background	conic-gradient(from var(--avt-edge-angle, 0deg), transparent 0deg, transparent 36deg, color-mix(in srgb, var(--avt-rank-color) 64%, #7ddfd0) 70deg, rgba(95, 126, 176, .55) 112deg, transparent 150deg, transparent 224deg, rgba(207, 195, 147, .42) 268deg, color-mix(in srgb, var(--avt-rank-color) 48%, #7ddfd0) 314deg, transparent 360deg)	conic-gradient(from 0deg, transparent 0deg 36deg, rgba(255,255,255,.04) 50deg, #7de1d0 72deg, color-mix(in srgb, var(--avt-rank-color) 76%, #d7c995) 88deg, rgba(88,126,184,.72) 106deg, transparent 128deg 360deg)	73	82
src/css/trending/04-trending-refinements.css		#trendingMaster .trending-pair::before	box-shadow	inset 0 1px 0 rgba(255,255,255,.045), inset 0 -1px 0 rgba(255,255,255,.025)	inset 0 0 0 1px rgba(255,255,255,.04), inset 0 1px 0 rgba(255,255,255,.05), inset 0 -12px 22px rgba(0,0,0,.08)	0	67
src/css/trending/04-trending-refinements.css		#trendingMaster .trending-pair::before	box-shadow	inset 0 0 0 1px rgba(255,255,255,.035), inset 0 1px 0 rgba(255,255,255,.045)	inset 0 0 0 1px rgba(255,255,255,.04), inset 0 1px 0 rgba(255,255,255,.05), inset 0 -12px 22px rgba(0,0,0,.08)	15	67
src/css/trending/04-trending-refinements.css		#trendingMaster .trending-pair::before	box-shadow	inset 0 0 0 1px rgba(255,255,255,.035), inset 0 1px 0 rgba(255,255,255,.05), inset 0 -10px 18px rgba(0,0,0,.08)	inset 0 0 0 1px rgba(255,255,255,.04), inset 0 1px 0 rgba(255,255,255,.05), inset 0 -12px 22px rgba(0,0,0,.08)	55	67
src/css/trending/04-trending-refinements.css		#trendingMaster .trending-pair::before	opacity	.55	.34	0	73
src/css/trending/04-trending-refinements.css		#trendingMaster .trending-pair::before	opacity	.75	.34	15	73
src/css/trending/04-trending-refinements.css		#trendingMaster .trending-pair::before	opacity	.92	.34	67	73
src/css/trending/04-trending-refinements.css		#trendingMaster .avt-artwork::before	background	radial-gradient(circle 110px at var(--avt-light-x, 50%) var(--avt-light-y, 40%), rgba(255,255,255,.24) 0%, color-mix(in srgb, var(--avt-rank-color) 18%, transparent) 24%, rgba(255,255,255,.035) 45%, transparent 70%)	radial-gradient(circle at 82% 14%, rgba(255,255,255,.17), transparent 28%),     radial-gradient(circle at 18% 86%, color-mix(in srgb, var(--avt-rank-color) 28%, transparent), transparent 34%),     linear-gradient(135deg, rgba(255,255,255,.035), transparent 38%, transparent 68%, color-mix(in srgb, var(--avt-rank-color) 8%, transparent))	1	11
src/css/trending/04-trending-refinements.css		#trendingMaster .trending-pair::after	background	transparent	radial-gradient(circle, rgba(125,225,208,.76) 0 1.2px, transparent 1.8px),     radial-gradient(circle, color-mix(in srgb, var(--avt-rank-color) 72%, #d7c995) 0 1px, transparent 1.7px),     radial-gradient(circle, rgba(118,151,198,.55) 0 1.1px, transparent 1.7px),     radial-gradient(circle, rgba(255,255,255,.42) 0 .8px, transparent 1.4px)	5	92
src/css/trending/04-trending-refinements.css		#trendingMaster .trending-pair::after	background	radial-gradient(circle at 16% 82%, rgba(255,255,255,.09) 0 8px, rgba(255,255,255,.03) 9px, transparent 15px),     radial-gradient(circle at 78% 74%, rgba(113, 209, 195, .10) 0 10px, rgba(113, 209, 195, .035) 11px, transparent 18px),     radial-gradient(circle at 60% 88%, rgba(80, 105, 148, .11) 0 12px, rgba(80, 105, 148, .04) 13px, transparent 20px),     radial-gradient(circle at 30% 58%, rgba(220, 221, 219, .055) 0 6px, transparent 12px),     radial-gradient(circle at 88% 30%, rgba(111, 183, 173, .045) 0 5px, transparent 11px),     radial-gradient(circle at 12% 28%, rgba(154, 143, 116, .04) 0 4px, transparent 10px)	radial-gradient(circle, rgba(125,225,208,.76) 0 1.2px, transparent 1.8px),     radial-gradient(circle, color-mix(in srgb, var(--avt-rank-color) 72%, #d7c995) 0 1px, transparent 1.7px),     radial-gradient(circle, rgba(118,151,198,.55) 0 1.1px, transparent 1.7px),     radial-gradient(circle, rgba(255,255,255,.42) 0 .8px, transparent 1.4px)	45	92
src/css/trending/04-trending-refinements.css		#trendingMaster .trending-pair::after	background	radial-gradient(circle at 18% 16%, color-mix(in srgb, var(--avt-rank-color) 22%, transparent), transparent 26%),     radial-gradient(circle at 84% 82%, rgba(113, 209, 195, .10), transparent 24%),     radial-gradient(circle at 58% 64%, rgba(80, 105, 148, .08), transparent 28%),     linear-gradient(145deg, rgba(255,255,255,.035), transparent 24%, transparent 74%, rgba(255,255,255,.02)),     repeating-linear-gradient(120deg, rgba(255,255,255,.018) 0px, rgba(255,255,255,.018) 1px, transparent 1px, transparent 18px)	radial-gradient(circle, rgba(125,225,208,.76) 0 1.2px, transparent 1.8px),     radial-gradient(circle, color-mix(in srgb, var(--avt-rank-color) 72%, #d7c995) 0 1px, transparent 1.7px),     radial-gradient(circle, rgba(118,151,198,.55) 0 1.1px, transparent 1.7px),     radial-gradient(circle, rgba(255,255,255,.42) 0 .8px, transparent 1.4px)	50	92
src/css/trending/04-trending-refinements.css		#trendingMaster .trending-pair::after	background	radial-gradient(circle at 18% 16%, color-mix(in srgb, var(--avt-rank-color) 18%, transparent), transparent 26%),     radial-gradient(circle at 82% 84%, rgba(255,255,255,.045), transparent 22%),     radial-gradient(circle at 50% 100%, rgba(113,209,195,.06), transparent 32%),     linear-gradient(145deg, rgba(255,255,255,.018), transparent 28%, transparent 72%, rgba(255,255,255,.012))	radial-gradient(circle, rgba(125,225,208,.76) 0 1.2px, transparent 1.8px),     radial-gradient(circle, color-mix(in srgb, var(--avt-rank-color) 72%, #d7c995) 0 1px, transparent 1.7px),     radial-gradient(circle, rgba(118,151,198,.55) 0 1.1px, transparent 1.7px),     radial-gradient(circle, rgba(255,255,255,.42) 0 .8px, transparent 1.4px)	56	92
src/css/trending/04-trending-refinements.css		#trendingMaster .trending-pair::after	background	radial-gradient(circle at 50% 100%, color-mix(in srgb, var(--avt-rank-color) 12%, transparent), transparent 34%),     radial-gradient(circle at 10% 14%, rgba(255,255,255,.035), transparent 22%),     linear-gradient(180deg, rgba(255,255,255,.02), transparent 24%, transparent 76%, rgba(255,255,255,.012))	radial-gradient(circle, rgba(125,225,208,.76) 0 1.2px, transparent 1.8px),     radial-gradient(circle, color-mix(in srgb, var(--avt-rank-color) 72%, #d7c995) 0 1px, transparent 1.7px),     radial-gradient(circle, rgba(118,151,198,.55) 0 1.1px, transparent 1.7px),     radial-gradient(circle, rgba(255,255,255,.42) 0 .8px, transparent 1.4px)	65	92
src/css/trending/04-trending-refinements.css		#trendingMaster .trending-pair::after	background	radial-gradient(ellipse at center, color-mix(in srgb, var(--avt-rank-color) 22%, #62c8b9) 0%, color-mix(in srgb, var(--avt-rank-color) 8%, transparent) 42%, transparent 72%)	radial-gradient(circle, rgba(125,225,208,.76) 0 1.2px, transparent 1.8px),     radial-gradient(circle, color-mix(in srgb, var(--avt-rank-color) 72%, #d7c995) 0 1px, transparent 1.7px),     radial-gradient(circle, rgba(118,151,198,.55) 0 1.1px, transparent 1.7px),     radial-gradient(circle, rgba(255,255,255,.42) 0 .8px, transparent 1.4px)	74	92
src/css/trending/04-trending-refinements.css		#trendingMaster .trending-pair::after	background	radial-gradient(circle at 20% 50%, rgba(125,225,208,.42) 0%, transparent 32%),     radial-gradient(circle at 80% 50%, color-mix(in srgb, var(--avt-rank-color) 38%, #d7c995) 0%, transparent 34%)	radial-gradient(circle, rgba(125,225,208,.76) 0 1.2px, transparent 1.8px),     radial-gradient(circle, color-mix(in srgb, var(--avt-rank-color) 72%, #d7c995) 0 1px, transparent 1.7px),     radial-gradient(circle, rgba(118,151,198,.55) 0 1.1px, transparent 1.7px),     radial-gradient(circle, rgba(255,255,255,.42) 0 .8px, transparent 1.4px)	84	92
src/css/trending/04-trending-refinements.css		#trendingMaster .trending-pair:hover::before, #trendingMaster .trending-pair:focus-within::before	box-shadow	inset 0 0 0 1px color-mix(in srgb, var(--avt-rank-color) 34%, rgba(255,255,255,.06)),     inset 0 1px 0 rgba(255,255,255,.09),     inset 0 -12px 24px color-mix(in srgb, var(--avt-rank-color) 5%, transparent)	inset 0 0 0 1px color-mix(in srgb, var(--avt-rank-color) 24%, rgba(255,255,255,.05)),     inset 0 1px 0 rgba(255,255,255,.08),     inset 0 -14px 26px rgba(0,0,0,.10),     0 0 0 1px color-mix(in srgb, var(--avt-rank-color) 10%, transparent)	17	71
src/css/trending/04-trending-refinements.css		#trendingMaster .trending-pair:hover::before, #trendingMaster .trending-pair:focus-within::before	box-shadow	inset 0 0 0 1px color-mix(in srgb, var(--avt-rank-color) 24%, rgba(255,255,255,.04)),     inset 0 1px 0 rgba(255,255,255,.08),     inset 0 -12px 22px rgba(0,0,0,.10),     0 14px 26px rgba(0,0,0,.16),     0 0 18px color-mix(in srgb, var(--avt-rank-color) 8%, transparent)	inset 0 0 0 1px color-mix(in srgb, var(--avt-rank-color) 24%, rgba(255,255,255,.05)),     inset 0 1px 0 rgba(255,255,255,.08),     inset 0 -14px 26px rgba(0,0,0,.10),     0 0 0 1px color-mix(in srgb, var(--avt-rank-color) 10%, transparent)	61	71
src/css/trending/04-trending-refinements.css		#trendingMaster .trending-pair:not(#__av_prio_a#__av_prio_b)::after	opacity	0	.54	18	93
src/css/trending/04-trending-refinements.css		#trendingMaster .trending-pair:not(#__av_prio_a#__av_prio_b)::after	opacity	.72	.54	46	93
src/css/trending/04-trending-refinements.css		#trendingMaster .trending-pair:not(#__av_prio_a#__av_prio_b)::after	opacity	.78	.54	51	93
src/css/trending/04-trending-refinements.css		#trendingMaster .trending-pair:not(#__av_prio_a#__av_prio_b)::after	opacity	.82	.54	57	93
src/css/trending/04-trending-refinements.css		#trendingMaster .trending-pair:not(#__av_prio_a#__av_prio_b)::after	opacity	.88	.54	66	93
src/css/trending/04-trending-refinements.css		#trendingMaster .trending-pair:not(#__av_prio_a#__av_prio_b)::after	opacity	.18	.54	75	93
src/css/trending/04-trending-refinements.css		#trendingMaster .trending-pair:not(#__av_prio_a#__av_prio_b)::after	opacity	.36	.54	85	93
src/css/trending/04-trending-refinements.css		#trendingMaster .trending-pair:hover:not(#__av_prio_a#__av_prio_b), #trendingMaster .trending-pair:focus-within:not(#__av_prio_a#__av_prio_b)	border-color	color-mix(in srgb, var(--avt-rank-color) 42%, rgba(255,255,255,.05))	color-mix(in srgb, var(--avt-rank-color) 22%, rgba(255,255,255,.045))	19	98
src/css/trending/04-trending-refinements.css		#trendingMaster .trending-pair:hover:not(#__av_prio_a#__av_prio_b), #trendingMaster .trending-pair:focus-within:not(#__av_prio_a#__av_prio_b)	border-color	color-mix(in srgb, var(--avt-rank-color) 26%, rgba(255,255,255,.05))	color-mix(in srgb, var(--avt-rank-color) 22%, rgba(255,255,255,.045))	62	98
src/css/trending/04-trending-refinements.css		#trendingMaster .trending-pair:hover:not(#__av_prio_a#__av_prio_b), #trendingMaster .trending-pair:focus-within:not(#__av_prio_a#__av_prio_b)	border-color	color-mix(in srgb, var(--avt-rank-color) 24%, rgba(255,255,255,.05))	color-mix(in srgb, var(--avt-rank-color) 22%, rgba(255,255,255,.045))	72	98
src/css/trending/04-trending-refinements.css		#trendingMaster .trending-pair:hover:not(#__av_prio_a#__av_prio_b), #trendingMaster .trending-pair:focus-within:not(#__av_prio_a#__av_prio_b)	border-color	rgba(255,255,255,.035)	color-mix(in srgb, var(--avt-rank-color) 22%, rgba(255,255,255,.045))	79	98
src/css/trending/04-trending-refinements.css		#trendingMaster .trending-pair:hover:not(#__av_prio_a#__av_prio_b), #trendingMaster .trending-pair:focus-within:not(#__av_prio_a#__av_prio_b)	border-color	rgba(255,255,255,.055)	color-mix(in srgb, var(--avt-rank-color) 22%, rgba(255,255,255,.045))	88	98
src/css/trending/04-trending-refinements.css		#trendingMaster .trending-pair:hover:not(#__av_prio_a#__av_prio_b), #trendingMaster .trending-pair:focus-within:not(#__av_prio_a#__av_prio_b)	box-shadow	0 12px 28px rgba(0,0,0,.34), 0 0 0 1px color-mix(in srgb, var(--avt-rank-color) 10%, transparent)	0 13px 28px rgba(0,0,0,.28), 0 0 18px color-mix(in srgb, var(--avt-rank-color) 7%, transparent)	19	98
src/css/trending/04-trending-refinements.css		#trendingMaster .trending-pair:hover:not(#__av_prio_a#__av_prio_b), #trendingMaster .trending-pair:focus-within:not(#__av_prio_a#__av_prio_b)	box-shadow	0 12px 24px rgba(0,0,0,.28), 0 0 0 1px color-mix(in srgb, var(--avt-rank-color) 7%, transparent)	0 13px 28px rgba(0,0,0,.28), 0 0 18px color-mix(in srgb, var(--avt-rank-color) 7%, transparent)	62	98
src/css/trending/04-trending-refinements.css		#trendingMaster .trending-pair:hover:not(#__av_prio_a#__av_prio_b), #trendingMaster .trending-pair:focus-within:not(#__av_prio_a#__av_prio_b)	box-shadow	0 12px 24px rgba(0,0,0,.24)	0 13px 28px rgba(0,0,0,.28), 0 0 18px color-mix(in srgb, var(--avt-rank-color) 7%, transparent)	72	98
src/css/trending/04-trending-refinements.css		#trendingMaster .trending-pair:hover:not(#__av_prio_a#__av_prio_b), #trendingMaster .trending-pair:focus-within:not(#__av_prio_a#__av_prio_b)	box-shadow	0 12px 26px rgba(0,0,0,.28), inset 0 1px 0 rgba(255,255,255,.035)	0 13px 28px rgba(0,0,0,.28), 0 0 18px color-mix(in srgb, var(--avt-rank-color) 7%, transparent)	79	98
src/css/trending/04-trending-refinements.css		#trendingMaster .trending-pair:hover:not(#__av_prio_a#__av_prio_b), #trendingMaster .trending-pair:focus-within:not(#__av_prio_a#__av_prio_b)	box-shadow	0 14px 30px rgba(0,0,0,.30), 0 0 18px color-mix(in srgb, var(--avt-rank-color) 10%, transparent)	0 13px 28px rgba(0,0,0,.28), 0 0 18px color-mix(in srgb, var(--avt-rank-color) 7%, transparent)	88	98
src/css/trending/04-trending-refinements.css		#trendingMaster .trending-pair::after	filter	blur(.2px)	blur(12px)	45	84
src/css/trending/04-trending-refinements.css		#trendingMaster .trending-pair::after	filter	saturate(1.04)	blur(12px)	50	84
src/css/trending/04-trending-refinements.css		#trendingMaster .trending-pair::after	filter	saturate(1.02)	blur(12px)	56	84
src/css/trending/04-trending-refinements.css		#trendingMaster .trending-pair:hover:not(#__av_prio_a#__av_prio_b)::after, #trendingMaster .trending-pair:focus-within:not(#__av_prio_a#__av_prio_b)::after	opacity	.92	.82	49	96
src/css/trending/04-trending-refinements.css		#trendingMaster .trending-pair:hover:not(#__av_prio_a#__av_prio_b)::after, #trendingMaster .trending-pair:focus-within:not(#__av_prio_a#__av_prio_b)::after	opacity	.94	.82	54	96
src/css/trending/04-trending-refinements.css		#trendingMaster .trending-pair:hover:not(#__av_prio_a#__av_prio_b)::after, #trendingMaster .trending-pair:focus-within:not(#__av_prio_a#__av_prio_b)::after	opacity	.98	.82	60	96
src/css/trending/04-trending-refinements.css		#trendingMaster .trending-pair:hover:not(#__av_prio_a#__av_prio_b)::after, #trendingMaster .trending-pair:focus-within:not(#__av_prio_a#__av_prio_b)::after	opacity	1	.82	70	96
src/css/trending/04-trending-refinements.css		#trendingMaster .trending-pair:hover:not(#__av_prio_a#__av_prio_b)::after, #trendingMaster .trending-pair:focus-within:not(#__av_prio_a#__av_prio_b)::after	opacity	.38	.82	78	96
src/css/trending/04-trending-refinements.css		#trendingMaster .trending-pair:hover:not(#__av_prio_a#__av_prio_b)::after, #trendingMaster .trending-pair:focus-within:not(#__av_prio_a#__av_prio_b)::after	opacity	.55	.82	87	96
src/css/trending/04-trending-refinements.css		#trendingMaster .trending-pair:hover::after, #trendingMaster .trending-pair:focus-within::after	filter	saturate(1.08) brightness(1.02)	blur(15px)	53	77
src/css/trending/04-trending-refinements.css		#trendingMaster .trending-pair:hover::after, #trendingMaster .trending-pair:focus-within::after	filter	saturate(1.07) brightness(1.02)	blur(15px)	59	77
src/css/trending/04-trending-refinements.css		#trendingMaster .trending-pair:hover::after, #trendingMaster .trending-pair:focus-within::after	filter	saturate(1.03)	blur(15px)	69	77
src/css/trending/04-trending-refinements.css		#trendingMaster .trending-pair:hover::after, #trendingMaster .trending-pair:focus-within::after	box-shadow	inset 0 0 0 1px color-mix(in srgb, var(--avt-rank-color) 18%, rgba(255,255,255,.03)),     inset 0 14px 24px rgba(255,255,255,.025),     inset 0 -18px 28px rgba(0,0,0,.13)	inset 0 -26px 40px color-mix(in srgb, var(--avt-rank-color) 8%, transparent), 0 18px 30px rgba(0,0,0,.12)	53	69
src/css/trending/04-trending-refinements.css		#trendingMaster .trending-pair::before	transition	opacity .28s ease, box-shadow .28s ease, border-color .28s ease	opacity .28s ease, filter .28s ease	55	73
src/css/trending/04-trending-refinements.css		#trendingMaster .trending-pair::before	transition	opacity .28s ease, box-shadow .28s ease	opacity .28s ease, filter .28s ease	67	73
src/css/trending/04-trending-refinements.css		#trendingMaster .trending-pair::after	transition	opacity .28s ease, filter .28s ease, box-shadow .28s ease	opacity .3s ease, filter .3s ease	56	74
src/css/trending/04-trending-refinements.css		#trendingMaster .trending-pair::after	transition	opacity .28s ease, box-shadow .28s ease, filter .28s ease	opacity .3s ease, filter .3s ease	65	74
src/css/trending/04-trending-refinements.css		#trendingMaster .trending-pair:hover::before, #trendingMaster .trending-pair:focus-within::before	opacity	1	.78	61	76
src/css/trending/04-trending-refinements.css		#trendingMaster .trending-pair::after	border-radius	inherit	0 0 17px 17px	65	92
src/css/trending/04-trending-refinements.css		#trendingMaster .trending-pair::after	border-radius	50%	0 0 17px 17px	84	92
src/css/trending/04-trending-refinements.css		#trendingMaster .trending-pair:not(#__av_prio_a#__av_prio_b)::before	background	transparent	radial-gradient(circle at 9% 9%, color-mix(in srgb, var(--avt-rank-color) 26%, transparent), transparent 14%),     radial-gradient(circle at 91% 91%, rgba(125,225,208,.16), transparent 16%)	68	95
src/css/trending/04-trending-refinements.css		#trendingMaster .trending-pair::before	inset	-1px	0	73	94
src/css/trending/04-trending-refinements.css		#trendingMaster .trending-pair::before	inset	-2px	0	82	94
src/css/trending/04-trending-refinements.css		#trendingMaster .trending-pair::before	border-radius	25px	inherit	73	94
src/css/trending/04-trending-refinements.css		#trendingMaster .trending-pair::before	border-radius	26px	inherit	82	94
src/css/trending/04-trending-refinements.css		#trendingMaster .trending-pair::before	padding	1px	0	73	94
src/css/trending/04-trending-refinements.css		#trendingMaster .trending-pair::before	padding	2px	0	82	94
src/css/trending/04-trending-refinements.css		#trendingMaster .trending-pair::before	filter	drop-shadow(0 0 4px color-mix(in srgb, var(--avt-rank-color) 8%, transparent))	drop-shadow(0 0 4px rgba(125,225,208,.42)) drop-shadow(0 0 9px color-mix(in srgb, var(--avt-rank-color) 22%, transparent))	73	82
src/css/trending/04-trending-refinements.css		#trendingMaster .trending-pair::after	left	12%	7px	74	92
src/css/trending/04-trending-refinements.css		#trendingMaster .trending-pair::after	left	8%	7px	84	92
src/css/trending/04-trending-refinements.css		#trendingMaster .trending-pair::after	right	12%	7px	74	92
src/css/trending/04-trending-refinements.css		#trendingMaster .trending-pair::after	right	8%	7px	84	92
src/css/trending/04-trending-refinements.css		#trendingMaster .trending-pair::after	bottom	-8px	6px	74	92
src/css/trending/04-trending-refinements.css		#trendingMaster .trending-pair::after	bottom	-12px	6px	84	92
src/css/trending/04-trending-refinements.css		#trendingMaster .trending-pair::after	height	28px	43%	74	92
src/css/trending/04-trending-refinements.css		#trendingMaster .trending-pair::after	height	34px	43%	84	92
src/css/trending/04-trending-refinements.css		#trendingMaster .trending-pair:not(#__av_prio_a#__av_prio_b)::after	animation	none	avtParticlesRise 7.5s linear infinite	75	93
src/css/trending/04-trending-refinements.css		#trendingMaster .trending-pair:not(#__av_prio_a#__av_prio_b)::after	animation	avtGlowSlide 3.8s ease-in-out infinite alternate	avtParticlesRise 7.5s linear infinite	85	93
src/css/trending/04-trending-refinements.css		#trendingMaster .trending-pair:hover::before, #trendingMaster .trending-pair:focus-within::before	filter	drop-shadow(0 0 8px color-mix(in srgb, var(--avt-rank-color) 18%, transparent))	drop-shadow(0 0 6px rgba(125,225,208,.58)) drop-shadow(0 0 13px color-mix(in srgb, var(--avt-rank-color) 34%, transparent))	76	86
src/css/trending/04-trending-refinements.css		#trendingMaster .trending-pair:not(#__av_prio_a#__av_prio_b)::before	opacity	.78	.72	83	95
src/css/trending/04-trending-refinements.css		#trendingMaster .trending-pair:not(#__av_prio_a#__av_prio_b)::before	animation	avtEdgeRunner 4.2s linear infinite	avtCornerPulse 3.4s ease-in-out infinite alternate	83	95
src/css/trending/04-trending-refinements.css		#trendingMaster .trending-pair::after	z-index	0	1	84	92
src/css/trending/04-trending-refinements.css		#trendingMaster .trending-pair::after	background-size	160% 100%	36px 46px, 52px 64px, 68px 78px, 88px 96px	84	92
src/css/trending/04-trending-refinements.css		#trendingMaster .trending-pair:not(#__av_prio_a#__av_prio_b)	padding-left	38px	7px	107	111
src/css/trending/04-trending-refinements.css		#trendingMaster .avt-caption:not(#__av_prio_a#__av_prio_b)	position	absolute	relative	109	112
src/css/trending/04-trending-refinements.css		#trendingMaster .avt-caption:not(#__av_prio_a#__av_prio_b)	left	7px	auto	109	112
src/css/trending/04-trending-refinements.css		#trendingMaster .avt-caption:not(#__av_prio_a#__av_prio_b)	top	12px	auto	109	112
src/css/trending/04-trending-refinements.css		#trendingMaster .avt-caption:not(#__av_prio_a#__av_prio_b)	bottom	12px	auto	109	112
src/css/trending/04-trending-refinements.css		#trendingMaster .avt-caption:not(#__av_prio_a#__av_prio_b)	width	28px	100%	109	112
src/css/trending/04-trending-refinements.css		#trendingMaster .avt-caption:not(#__av_prio_a#__av_prio_b)	padding	0	12px 10px 15px	109	112
src/css/trending/04-trending-refinements.css		#trendingMaster .avt-caption:not(#__av_prio_a#__av_prio_b)	align-items	center	flex-start	109	112
src/css/trending/04-trending-refinements.css		#trendingMaster .avt-caption:not(#__av_prio_a#__av_prio_b)	justify-content	center	flex-start	109	112
src/css/trending/04-trending-refinements.css		#trendingMaster .avt-title:not(#__av_prio_a#__av_prio_b)	max-height	100%	none	110	113
src/css/trending/04-trending-refinements.css		#trendingMaster .avt-title:not(#__av_prio_a#__av_prio_b)	display	block	-webkit-box	110	113
src/css/trending/04-trending-refinements.css		#trendingMaster .avt-title:not(#__av_prio_a#__av_prio_b)	white-space	nowrap	normal	110	113
src/css/trending/04-trending-refinements.css		#trendingMaster .avt-title:not(#__av_prio_a#__av_prio_b)	writing-mode	vertical-rl	horizontal-tb	110	113
src/css/trending/04-trending-refinements.css		#trendingMaster .avt-title:not(#__av_prio_a#__av_prio_b)	transform	rotate(180deg)	none	110	113
src/css/trending/04-trending-refinements.css		#trendingMaster .avt-title:not(#__av_prio_a#__av_prio_b)	line-height	1	1.2	110	113
src/css/trending/04-trending-refinements.css		#trendingMaster .avt-title:not(#__av_prio_a#__av_prio_b)	letter-spacing	.01em	-.01em	110	113
src/css/trending/05-trending-effects.css		#trendingMaster .avt-v31-fx::after	height	54px	36px	6	52
src/css/trending/05-trending-effects.css		#trendingMaster .avt-v31-fx::after	border-radius	50%	0 0 18px 18px	6	52
src/css/trending/05-trending-effects.css		#trendingMaster .avt-v31-fx::after	background	radial-gradient(ellipse, color-mix(in srgb, var(--avt-rank-color) 18%, rgba(120,210,198,.12)), transparent 70%)	linear-gradient(90deg, transparent 0%, color-mix(in srgb, var(--avt-rank-color) 10%, transparent) 18%, rgba(255,255,255,.05) 50%, color-mix(in srgb, var(--avt-rank-color) 12%, transparent) 82%, transparent 100%)	6	52
src/css/trending/05-trending-effects.css		#trendingMaster .avt-v31-fx::after	filter	blur(12px)	blur(10px)	6	52
src/css/trending/05-trending-effects.css		#trendingMaster .avt-v31-fx::after	opacity	.42	.38	6	52
src/css/trending/05-trending-effects.css		#trendingMaster .trending-pair:hover:not(#__av_prio_a#__av_prio_b), #trendingMaster .trending-pair:focus-within:not(#__av_prio_a#__av_prio_b)	border-color	color-mix(in srgb, var(--avt-rank-color) 30%, rgba(255,255,255,.05))	color-mix(in srgb, var(--avt-rank-color) 28%, rgba(255,255,255,.05))	17	59
src/css/trending/05-trending-effects.css		#trendingMaster .trending-pair:hover:not(#__av_prio_a#__av_prio_b), #trendingMaster .trending-pair:focus-within:not(#__av_prio_a#__av_prio_b)	box-shadow	0 14px 30px rgba(0,0,0,.30), 0 0 0 1px color-mix(in srgb, var(--avt-rank-color) 8%, transparent), 0 0 22px color-mix(in srgb, var(--avt-rank-color) 7%, transparent)	0 14px 30px rgba(0,0,0,.30), 0 0 0 1px color-mix(in srgb, var(--avt-rank-color) 7%, transparent), 0 0 18px color-mix(in srgb, var(--avt-rank-color) 5%, transparent)	17	59
src/css/trending/05-trending-effects.css		#trendingMaster .avt-v31-shard.s1:not(#__av_prio_a#__av_prio_b)	animation-duration	8.8s	11.5s	22	43
src/css/trending/05-trending-effects.css		#trendingMaster .avt-v31-shard.s2:not(#__av_prio_a#__av_prio_b)	animation-duration	10.6s	13.4s	23	44
src/css/trending/05-trending-effects.css		#trendingMaster .avt-v31-shard.s3:not(#__av_prio_a#__av_prio_b)	animation-duration	9.7s	12.6s	24	45
src/css/trending/05-trending-effects.css		#trendingMaster .avt-v31-shard.s4:not(#__av_prio_a#__av_prio_b)	animation-duration	11.8s	14.2s	25	46
src/css/trending/05-trending-effects.css		#trendingMaster .trending-pair:hover .avt-v31-shard.s1:not(#__av_prio_a#__av_prio_b), #trendingMaster .trending-pair:focus-within .avt-v31-shard.s1:not(#__av_prio_a#__av_prio_b)	animation-duration	7.2s	9.8s	26	47
src/css/trending/05-trending-effects.css		#trendingMaster .trending-pair:hover .avt-v31-shard.s2:not(#__av_prio_a#__av_prio_b), #trendingMaster .trending-pair:focus-within .avt-v31-shard.s2:not(#__av_prio_a#__av_prio_b)	animation-duration	8.6s	11.4s	27	48
src/css/trending/05-trending-effects.css		#trendingMaster .trending-pair:hover .avt-v31-shard.s3:not(#__av_prio_a#__av_prio_b), #trendingMaster .trending-pair:focus-within .avt-v31-shard.s3:not(#__av_prio_a#__av_prio_b)	animation-duration	7.9s	10.7s	28	49
src/css/trending/05-trending-effects.css		#trendingMaster .trending-pair:hover .avt-v31-shard.s4:not(#__av_prio_a#__av_prio_b), #trendingMaster .trending-pair:focus-within .avt-v31-shard.s4:not(#__av_prio_a#__av_prio_b)	animation-duration	9.4s	12.2s	29	50
src/css/trending/05-trending-effects.css		#trendingMaster .avt-v31-fx:not(#__av_prio_a#__av_prio_b)::after	content	none	""	30	53
src/css/trending/06-trending-final.css		#trendingMaster .section-header:not(#__av_prio_a#__av_prio_b)	padding-inline	2px	0	1	10
src/css/trending/06-trending-final.css		#trendingMaster .trending-row-meta-left:not(#__av_prio_a#__av_prio_b), #trendingMaster .trending-row-meta-right:not(#__av_prio_a#__av_prio_b)	top	4px	7px	16	17
