file	selector	context	property	value
src/css/main/10-responsive-final.css	.share-banner-container:not(#__av_prio_a#__av_prio_b#__av_prio_c#__av_prio_d#__av_prio_e#__av_prio_f#__av_prio_g#__av_prio_h)		overflow	visible
src/css/main/10-responsive-final.css	.share-banner-container:not(#__av_prio_a#__av_prio_b#__av_prio_c#__av_prio_d#__av_prio_e#__av_prio_f#__av_prio_g#__av_prio_h)::before		border-bottom	0
src/css/main/10-responsive-final.css	.share-banner-container:not(#__av_prio_a#__av_prio_b#__av_prio_c#__av_prio_d#__av_prio_e#__av_prio_f#__av_prio_g#__av_prio_h)		border-bottom	0
src/css/main/10-responsive-final.css	.share-banner-container:not(#__av_prio_a#__av_prio_b#__av_prio_c#__av_prio_d#__av_prio_e#__av_prio_f#__av_prio_g#__av_prio_h)		background-image	none
src/css/main/10-responsive-final.css	.share-banner-container:not(#__av_prio_a#__av_prio_b#__av_prio_c#__av_prio_d#__av_prio_e#__av_prio_f#__av_prio_g#__av_prio_h)		background-color	var(--avf-surface-top, #071b21)
src/css/main/10-responsive-final.css	.share-banner-container:not(#__av_prio_a#__av_prio_b#__av_prio_c#__av_prio_d#__av_prio_e#__av_prio_f#__av_prio_g#__av_prio_h)		background	var(--avf-surface-top, #071b21)
src/css/main/09-top-suggestions.css	.av-news-led-line	@media (prefers-reduced-motion: reduce)	--av-news-led-angle	72deg
src/css/main/09-top-suggestions.css	.av-news-led-line	@media (prefers-reduced-motion: reduce)	animation-delay	0s
src/css/main/09-top-suggestions.css	.av-news-led-line	@media (prefers-reduced-motion: reduce)	animation	none
src/css/main/09-top-suggestions.css	.av-news-led-line		animation-delay	-2s
src/css/main/09-top-suggestions.css	.av-news-led-line		animation	avNewsLedGradientRun 8s linear infinite
src/css/main/09-top-suggestions.css	.av-news-led-line		offset-rotate	0deg
src/css/main/09-top-suggestions.css	.av-news-led-line		offset-distance	0
src/css/main/09-top-suggestions.css	.av-news-led-line		offset-path	none
src/css/main/09-top-suggestions.css	.av-news-led-line		box-shadow	none
src/css/main/09-top-suggestions.css	.av-news-led-line		background	"conic-gradient(
    from var(--av-news-led-angle),
    transparent 0deg 268deg,
    rgba(39, 164, 221, .02) 278deg,
    rgba(48, 194, 221, .08) 294deg,
    rgba(61, 216, 216, .18) 315deg,
    rgba(80, 232, 214, .34) 336deg,
    rgba(139, 255, 229, .68) 354deg,
    rgba(70, 218, 215, .12) 359deg,
    transparent 360deg
  )"
src/css/main/09-top-suggestions.css	.av-news-led-line		opacity	.78
src/css/main/09-top-suggestions.css	.av-news-led-line		border-radius	inherit
src/css/main/09-top-suggestions.css	.av-news-led-line		height	auto
src/css/main/09-top-suggestions.css	.av-news-led-line		width	auto
src/css/main/09-top-suggestions.css	.av-news-led-line		inset	0
src/css/main/09-top-suggestions.css	.av-news-led-track		border-radius	23px
src/css/main/09-top-suggestions.css	.av-news-led-track		inset	-3px
src/css/main/08-news-and-effects.css	.av-news-led-line	@media (prefers-reduced-motion: reduce)	--av-news-led-angle	72deg
src/css/main/08-news-and-effects.css	.av-news-led-line	@media (prefers-reduced-motion: reduce)	animation-delay	0s
src/css/main/08-news-and-effects.css	.av-news-led-line	@media (prefers-reduced-motion: reduce)	animation	none
src/css/main/08-news-and-effects.css	.av-news-led-line		animation-delay	-2s
src/css/main/08-news-and-effects.css	.av-news-led-line		animation	avNewsLedGradientRun 8s linear infinite
src/css/main/08-news-and-effects.css	.av-news-led-line		transform	none
src/css/main/08-news-and-effects.css	.av-news-led-line		offset-rotate	0deg
src/css/main/08-news-and-effects.css	.av-news-led-line		offset-distance	0
src/css/main/08-news-and-effects.css	.av-news-led-line		offset-path	none
src/css/main/08-news-and-effects.css	.av-news-led-line		box-shadow	none
src/css/main/08-news-and-effects.css	.av-news-led-line		background	"conic-gradient(
    from var(--av-news-led-angle),
    transparent 0deg 268deg,
    rgba(39, 164, 221, .02) 278deg,
    rgba(48, 194, 221, .08) 294deg,
    rgba(61, 216, 216, .18) 315deg,
    rgba(80, 232, 214, .34) 336deg,
    rgba(139, 255, 229, .68) 354deg,
    rgba(70, 218, 215, .12) 359deg,
    transparent 360deg
  )"
src/css/main/08-news-and-effects.css	.av-news-led-line		opacity	.78
src/css/main/08-news-and-effects.css	.av-news-led-line		border-radius	inherit
src/css/main/08-news-and-effects.css	.av-news-led-line		height	auto
src/css/main/08-news-and-effects.css	.av-news-led-line		width	auto
src/css/main/08-news-and-effects.css	.av-news-led-line		inset	0
src/css/main/08-news-and-effects.css	.av-news-led-track		border-radius	23px
src/css/main/08-news-and-effects.css	.av-news-led-track		overflow	visible
src/css/main/08-news-and-effects.css	.av-news-led-track		z-index	0
src/css/main/08-news-and-effects.css	.av-news-led-track		inset	-3px
src/css/main/08-news-and-effects.css	.av-news-led-line	@media (prefers-reduced-motion: reduce)	animation-delay	0s
src/css/main/08-news-and-effects.css	.av-news-led-line	@media (prefers-reduced-motion: reduce)	animation	none
src/css/main/08-news-and-effects.css	.av-news-led-line		transform	none
src/css/main/08-news-and-effects.css	.av-news-led-line		offset-rotate	0deg
src/css/main/08-news-and-effects.css	.av-news-led-line		background-repeat	no-repeat
src/css/main/08-news-and-effects.css	.av-news-led-line	@media (prefers-reduced-motion: reduce)	animation	none
src/css/main/08-news-and-effects.css	.av-news-led-line		transform	none
src/css/main/08-news-and-effects.css	.av-news-led-line		offset-rotate	0deg
src/css/main/08-news-and-effects.css	.av-news-led-line		offset-distance	0
src/css/main/08-news-and-effects.css	.av-news-led-line		offset-path	none
src/css/main/08-news-and-effects.css	.av-news-led-line		box-shadow	none
src/css/main/08-news-and-effects.css	.av-news-led-line		background-repeat	no-repeat
src/css/main/08-news-and-effects.css	.av-news-led-line		height	auto
src/css/main/08-news-and-effects.css	.av-news-led-line		width	auto
src/css/main/08-news-and-effects.css	.av-news-led-line		inset	0
src/css/main/08-news-and-effects.css	.av-news-led-track		overflow	visible
src/css/main/08-news-and-effects.css	.av-news-led-line		box-shadow	none
src/css/main/08-news-and-effects.css	.av-news-led-line		opacity	.94
src/css/main/08-news-and-effects.css	.av-news-led-line		border-radius	50%
src/css/main/08-news-and-effects.css	.av-news-led-line		opacity	.78
src/css/main/08-news-and-effects.css	.av-news-led-track		z-index	0
src/css/main/08-news-and-effects.css	.av-news-led-line	@media (prefers-reduced-motion: reduce)	animation	none
src/css/main/08-news-and-effects.css	.av-news-led-line		offset-anchor	center
src/css/main/08-news-and-effects.css	.av-news-led-line		offset-distance	0%
src/css/main/08-news-and-effects.css	.av-news-led-line		left	0
src/css/main/08-news-and-effects.css	.av-news-led-line		top	0
src/css/main/08-news-and-effects.css	.av-news-featured		isolation	isolate
src/css/main/08-news-and-effects.css	.av-news-featured		overflow	visible
src/css/main/08-news-and-effects.css	.av-news-featured		overflow	visible
src/css/main/07-layout-adjustments.css	.av-news-read	@media (max-width: 400px)	width	116px
src/css/main/07-layout-adjustments.css	.av-news-featured-controls	@media (max-width: 400px)	gap	10px
src/css/main/07-layout-adjustments.css	.av-news-featured-controls	@media (max-width: 400px)	grid-template-columns	116px minmax(0, 1fr)
src/css/main/07-layout-adjustments.css	.av-news-featured-poster	@media (max-width: 400px)	width	116px
src/css/main/07-layout-adjustments.css	.av-news-featured	@media (max-width: 400px)	gap	10px
src/css/main/07-layout-adjustments.css	.av-news-featured	@media (max-width: 400px)	grid-template-columns	116px minmax(0, 1fr)
src/css/main/07-layout-adjustments.css	.av-news-row-copy p		line-height	1.4
src/css/main/07-layout-adjustments.css	.av-news-featured-copy > p		line-height	1.5
src/css/main/07-layout-adjustments.css	.av-news-featured::after		pointer-events	none
src/css/main/07-layout-adjustments.css	.av-news-featured::after		border-radius	inherit
src/css/main/07-layout-adjustments.css	.av-news-featured::after		content	""""""
src/css/main/07-layout-adjustments.css	.av-news-featured::after		inset	0
src/css/main/07-layout-adjustments.css	.av-news-featured::after		z-index	-1
src/css/main/07-layout-adjustments.css	.av-news-featured::after		position	absolute
src/css/main/07-layout-adjustments.css	.av-news-featured::before		offset-distance	0%
src/css/main/07-layout-adjustments.css	.av-news-featured::before		left	0
src/css/main/07-layout-adjustments.css	.av-news-featured::before		top	0
src/css/main/07-layout-adjustments.css	.av-news-featured		box-shadow	"inset 0 1px rgba(255, 255, 255, .04),
    0 14px 28px rgba(0, 15, 24, .15)"
src/css/main/07-layout-adjustments.css	.av-news-featured		isolation	isolate
src/css/main/07-layout-adjustments.css	.av-news-featured		position	relative
src/css/main/07-layout-adjustments.css	.hof-container .donor-row .d-avatar		height	38px
src/css/main/07-layout-adjustments.css	.hof-container .donor-row .d-avatar		width	38px
src/css/main/07-layout-adjustments.css	.hof-container .donor-row .rank		min-width	0
src/css/main/07-layout-adjustments.css	.hof-container .donor-row		min-height	52px
src/css/main/06-favorites.css	.serii-favorite-refresh .fav-info		padding-top	0
src/css/main/06-favorites.css	.serii-favorite-refresh .fav-views		top	3px
src/css/main/06-favorites.css	.serii-favorite-refresh .fav-name		align-self	start
src/css/main/06-favorites.css	.serii-favorite-refresh .fav-info		padding-top	0
src/css/main/06-favorites.css	.serii-favorite-refresh .fav-info		justify-content	start
src/css/main/06-favorites.css	.serii-favorite-refresh .fav-info		align-content	start
src/css/main/06-favorites.css	.favorite-status-popup.is-open		pointer-events	auto
src/css/main/06-favorites.css	.favorite-status-popup.is-open		visibility	visible
src/css/main/06-favorites.css	.favorite-status-popup.is-open		opacity	1
src/css/main/06-favorites.css	.serii-favorite-refresh .fav-footer		position	relative
src/css/main/06-favorites.css	.serii-favorite-refresh .fav-action:not(#__av_prio_a#__av_prio_b#__av_prio_c#__av_prio_d#__av_prio_e#__av_prio_f#__av_prio_g#__av_prio_h)		pointer-events	auto
src/css/main/06-favorites.css	.serii-favorite-refresh .fav-action		touch-action	manipulation
src/css/main/06-favorites.css	.serii-favorite-refresh .fav-action		top	-1px
src/css/main/06-favorites.css	.serii-favorite-refresh .fav-action		position	relative
src/css/main/06-favorites.css	.serii-favorite-refresh .fav-views.fav-fire::before		font-size	10px
src/css/main/06-favorites.css	.serii-favorite-refresh .fav-views.fav-fire::before		color	initial
src/css/main/06-favorites.css	.serii-favorite-refresh .fav-views.fav-fire::before		content	"""🔥"""
src/css/main/06-favorites.css	.serii-favorite-refresh .fav-tag		font-weight	900
src/css/main/06-favorites.css	.serii-favorite-refresh .fav-tag		gap	5px
src/css/main/06-favorites.css	.serii-favorite-refresh .fav-name		white-space	nowrap
src/css/main/06-favorites.css	.serii-favorite-refresh .fav-name		text-overflow	ellipsis
src/css/main/06-favorites.css	.serii-favorite-refresh .fav-name		overflow	hidden
src/css/main/06-favorites.css	.serii-favorite-refresh .fav-name		min-width	0
src/css/main/06-favorites.css	.serii-favorite-refresh .fav-info		align-content	center
src/css/main/06-favorites.css	.serii-favorite-refresh .fav-info		display	grid
src/css/main/06-favorites.css	.serii-favorite-refresh .fav-info		min-width	0
src/css/main/06-favorites.css	.serii-favorite-refresh .fav-poster		height	92px
src/css/main/06-favorites.css	.serii-favorite-refresh .fav-poster		width	68px
src/css/main/06-favorites.css	.serii-favorite-refresh .fav-card		padding	10px 11px
src/css/main/06-favorites.css	.serii-favorite-refresh .fav-card		align-items	center
src/css/main/06-favorites.css	.serii-favorite-refresh .fav-card		height	112px
src/css/main/04-sidebar-layout.css	.hot-news-section		padding	40px 10px
src/css/main/04-sidebar-layout.css	.hot-news-section		width	100%
src/css/main/03-navigation.css	.staff-activity-panel .staff-nm		white-space	nowrap
src/css/main/03-navigation.css	.staff-activity-panel .staff-nm		text-overflow	ellipsis
src/css/main/03-navigation.css	.staff-activity-panel .staff-nm		overflow	hidden
src/css/main/03-navigation.css	.staff-activity-panel		overflow	hidden
src/css/main/03-navigation.css	.staff-activity-panel		border-radius	22px
src/css/main/03-navigation.css	.top-sugestii-panel .ts-row-scores		margin-top	7px
src/css/main/03-navigation.css	.top-sugestii-panel .ts-score		font-weight	900
src/css/main/03-navigation.css	.top-sugestii-panel .ts-score		font-size	9px
src/css/main/03-navigation.css	.top-sugestii-panel .ts-score		align-items	center
src/css/main/03-navigation.css	.top-sugestii-panel .ts-score		display	flex
src/css/main/03-navigation.css	.top-sugestii-panel .ts-score-row		margin-top	13px
src/css/main/03-navigation.css	.top-sugestii-panel .ts-score-row		display	flex
src/css/main/03-navigation.css	.top-sugestii-panel .ts-feature		align-items	center
src/css/main/03-navigation.css	.top-sugestii-panel .ts-cat-main strong		line-height	1.1
src/css/main/03-navigation.css	.top-sugestii-panel .ts-cat-main		justify-content	center
src/css/main/03-navigation.css	.top-sugestii-panel .ts-cat-main		align-items	center
src/css/main/03-navigation.css	.top-sugestii-panel .ts-cat-main		display	flex
src/css/main/03-navigation.css	.top-sugestii-panel .ts-cat-arrow:hover		color	#ffffff
src/css/main/03-navigation.css	.top-sugestii-panel .ts-cat-arrow		cursor	pointer
src/css/main/03-navigation.css	.top-sugestii-panel .ts-cat-arrow		line-height	1
src/css/main/03-navigation.css	.top-sugestii-panel .ts-cat-arrow		font	inherit
src/css/main/03-navigation.css	.top-sugestii-panel .ts-cat-arrow		background	transparent
src/css/main/03-navigation.css	.top-sugestii-panel .ts-cat-arrow		padding	0
src/css/main/03-navigation.css	.top-sugestii-panel .ts-cat-arrow		border	0
src/css/main/03-navigation.css	.top-sugestii-panel .ts-cat-arrow		place-items	center
src/css/main/03-navigation.css	.top-sugestii-panel .ts-cat-arrow		display	grid
src/css/main/03-navigation.css	.top-sugestii-panel .ts-category-track		align-items	center
src/css/main/03-navigation.css	.top-sugestii-panel .ts-category-track		display	grid
src/css/main/03-navigation.css	.top-sugestii-panel .ts-category		place-items	center
src/css/main/03-navigation.css	.top-sugestii-panel .ts-category		display	grid
src/css/main/02-hall-of-fame.css	.desene-wrap .a-card .a-side .bad.bad-mini::after		margin	0
src/css/main/02-hall-of-fame.css	.desene-wrap .a-card .a-side .bad.bad-mini::after		box-shadow	0 0 6px rgba(255,200,90,0.5)
src/css/main/02-hall-of-fame.css	.desene-wrap .a-card .a-side .bad.bad-mini::after		background	linear-gradient(90deg, rgba(255,230,170,0.95), rgba(255,200,90,0.95))
src/css/main/02-hall-of-fame.css	.desene-wrap .a-card .a-side .bad.bad-mini::after		height	2px
src/css/main/02-hall-of-fame.css	.desene-wrap .a-card .a-side .bad.bad-mini::after		transform	translateX(-50%)
src/css/main/02-hall-of-fame.css	.desene-wrap .a-card .a-side .bad.bad-mini::after		position	absolute
src/css/main/02-hall-of-fame.css	.desene-wrap .a-card .a-side .bad.bad-mini::after		content	""""""
src/css/main/02-hall-of-fame.css	.desene-wrap .a-card .a-side .bad.bad-mini		position	relative
src/css/main/02-hall-of-fame.css	.hot-title-name		text-align	center
src/css/main/02-hall-of-fame.css	.hot-news-section		position	relative
src/css/main/02-hall-of-fame.css	.hof-container		border-radius	22px
src/css/main/01-foundation.css	.stire-actions .icon		position	relative
src/css/main/01-foundation.css	.stiri-anime		color	#333
src/css/main/01-foundation.css	.stiri-anime		font-family	"""Segoe UI"", Tahoma, Geneva, Verdana, sans-serif"
src/css/main/01-foundation.css	.stiri-anime		z-index	1
src/css/main/01-foundation.css	.stiri-anime		overflow	hidden
src/css/main/01-foundation.css	.stiri-anime		position	relative
src/css/main/01-foundation.css	.stiri-anime		height	680px
src/css/main/01-foundation.css	.stiri-anime		width	100%
src/css/main/01-foundation.css	.anime-wrap		z-index	50
src/css/main/01-foundation.css	.anime-wrap		position	relative
src/css/main/01-foundation.css	.serii-title		text-align	center
src/css/main/01-foundation.css	.serii-cerute		isolation	isolate
src/css/main/01-foundation.css	.serii-cerute		overflow	hidden
src/css/main/01-foundation.css	.serii-cerute		padding	10px
src/css/main/01-foundation.css	.serii-cerute		position	relative
src/css/main/01-foundation.css	.serii-cerute		height	805px
src/css/main/01-foundation.css	.serii-cerute		width	100%
src/css/main/01-foundation.css	".buttons button:hover,
.logout:hover"		animation	none
src/css/main/01-foundation.css	.info-dot img		pointer-events	none
src/css/main/01-foundation.css	.info-dot img		object-fit	contain
src/css/main/01-foundation.css	.info-dot img		height	22px
src/css/main/01-foundation.css	.info-dot img		width	22px
src/css/main/01-foundation.css	.main-container		align-items	start
src/css/main/01-foundation.css	.main-container		display	grid
src/css/main/01-foundation.css	.main-container		width	100%
src/css/com/07-comments-final.css	.comentarii-section:not(#__av_prio_a#__av_prio_b#__av_prio_c#__av_prio_d#__av_prio_e#__av_prio_f#__av_prio_g#__av_prio_h)		border-inline	0
src/css/com/07-comments-final.css	.comentarii-section:not(#__av_prio_a#__av_prio_b#__av_prio_c#__av_prio_d#__av_prio_e#__av_prio_f#__av_prio_g#__av_prio_h)		border-right	0
src/css/com/07-comments-final.css	.comentarii-section:not(#__av_prio_a#__av_prio_b#__av_prio_c#__av_prio_d#__av_prio_e#__av_prio_f#__av_prio_g#__av_prio_h)		border-left	0
src/css/com/07-comments-final.css	.comentarii-track:not(#__av_prio_a#__av_prio_b#__av_prio_c#__av_prio_d#__av_prio_e#__av_prio_f#__av_prio_g#__av_prio_h)::before, .comentarii-track:not(#__av_prio_a#__av_prio_b#__av_prio_c#__av_prio_d#__av_prio_e#__av_prio_f#__av_prio_g#__av_prio_h)::after, .comentarii-content:not(#__av_prio_a#__av_prio_b#__av_prio_c#__av_prio_d#__av_prio_e#__av_prio_f#__av_prio_g#__av_prio_h)::before, .comentarii-content:not(#__av_prio_a#__av_prio_b#__av_prio_c#__av_prio_d#__av_prio_e#__av_prio_f#__av_prio_g#__av_prio_h)::after		display	none
src/css/com/07-comments-final.css	.comentarii-track:not(#__av_prio_a#__av_prio_b#__av_prio_c#__av_prio_d#__av_prio_e#__av_prio_f#__av_prio_g#__av_prio_h)::before, .comentarii-track:not(#__av_prio_a#__av_prio_b#__av_prio_c#__av_prio_d#__av_prio_e#__av_prio_f#__av_prio_g#__av_prio_h)::after, .comentarii-content:not(#__av_prio_a#__av_prio_b#__av_prio_c#__av_prio_d#__av_prio_e#__av_prio_f#__av_prio_g#__av_prio_h)::before, .comentarii-content:not(#__av_prio_a#__av_prio_b#__av_prio_c#__av_prio_d#__av_prio_e#__av_prio_f#__av_prio_g#__av_prio_h)::after		content	none
src/css/com/07-comments-final.css	.comentarii-content:not(#__av_prio_a#__av_prio_b#__av_prio_c#__av_prio_d#__av_prio_e#__av_prio_f#__av_prio_g#__av_prio_h), .comentarii-track:not(#__av_prio_a#__av_prio_b#__av_prio_c#__av_prio_d#__av_prio_e#__av_prio_f#__av_prio_g#__av_prio_h)		box-shadow	none
src/css/com/07-comments-final.css	.comentarii-content:not(#__av_prio_a#__av_prio_b#__av_prio_c#__av_prio_d#__av_prio_e#__av_prio_f#__av_prio_g#__av_prio_h), .comentarii-track:not(#__av_prio_a#__av_prio_b#__av_prio_c#__av_prio_d#__av_prio_e#__av_prio_f#__av_prio_g#__av_prio_h)		background-image	none
src/css/com/07-comments-final.css	.comentarii-content:not(#__av_prio_a#__av_prio_b#__av_prio_c#__av_prio_d#__av_prio_e#__av_prio_f#__av_prio_g#__av_prio_h), .comentarii-track:not(#__av_prio_a#__av_prio_b#__av_prio_c#__av_prio_d#__av_prio_e#__av_prio_f#__av_prio_g#__av_prio_h)		background-color	transparent
src/css/com/07-comments-final.css	.comentarii-content:not(#__av_prio_a#__av_prio_b#__av_prio_c#__av_prio_d#__av_prio_e#__av_prio_f#__av_prio_g#__av_prio_h), .comentarii-track:not(#__av_prio_a#__av_prio_b#__av_prio_c#__av_prio_d#__av_prio_e#__av_prio_f#__av_prio_g#__av_prio_h)		background	transparent
src/css/com/06-comments-art.css	.av10-series-meta:not(#__av_prio_a#__av_prio_b#__av_prio_c#__av_prio_d#__av_prio_e#__av_prio_f#__av_prio_g#__av_prio_h)		white-space	nowrap
src/css/com/06-comments-art.css	.av10-series-meta:not(#__av_prio_a#__av_prio_b#__av_prio_c#__av_prio_d#__av_prio_e#__av_prio_f#__av_prio_g#__av_prio_h)		text-overflow	ellipsis
src/css/com/06-comments-art.css	.av10-series-meta:not(#__av_prio_a#__av_prio_b#__av_prio_c#__av_prio_d#__av_prio_e#__av_prio_f#__av_prio_g#__av_prio_h)		font-style	normal
src/css/com/06-comments-art.css	.av10-series-meta:not(#__av_prio_a#__av_prio_b#__av_prio_c#__av_prio_d#__av_prio_e#__av_prio_f#__av_prio_g#__av_prio_h)		overflow	hidden
src/css/com/06-comments-art.css	.av10-series-copy strong:not(#__av_prio_a#__av_prio_b#__av_prio_c#__av_prio_d#__av_prio_e#__av_prio_f#__av_prio_g#__av_prio_h)		white-space	nowrap
src/css/com/06-comments-art.css	.av10-series-copy strong:not(#__av_prio_a#__av_prio_b#__av_prio_c#__av_prio_d#__av_prio_e#__av_prio_f#__av_prio_g#__av_prio_h)		text-overflow	ellipsis
src/css/com/06-comments-art.css	.av10-series-copy strong:not(#__av_prio_a#__av_prio_b#__av_prio_c#__av_prio_d#__av_prio_e#__av_prio_f#__av_prio_g#__av_prio_h)		overflow	hidden
src/css/com/06-comments-art.css	.av10-series-copy:not(#__av_prio_a#__av_prio_b#__av_prio_c#__av_prio_d#__av_prio_e#__av_prio_f#__av_prio_g#__av_prio_h)		overflow	hidden
src/css/com/06-comments-art.css	.av10-series-copy:not(#__av_prio_a#__av_prio_b#__av_prio_c#__av_prio_d#__av_prio_e#__av_prio_f#__av_prio_g#__av_prio_h)		min-width	0
src/css/com/06-comments-art.css	.av10-series-copy:not(#__av_prio_a#__av_prio_b#__av_prio_c#__av_prio_d#__av_prio_e#__av_prio_f#__av_prio_g#__av_prio_h)		display	block
src/css/com/04-comments-header.css	.com-category-selector .com-cat-arrow		font-size	15px
src/css/com/04-comments-header.css	.com-category-selector		gap	3px
src/css/com/04-comments-header.css	.com-category-selector		padding	0 8px 0 11px
src/css/com/04-comments-header.css	.com-category-selector		min-height	34px
src/css/com/04-comments-header.css	.com-category-selector		height	34px
src/css/com/04-comments-header.css	.comentarii-title-line::after		line-height	1
src/css/com/04-comments-header.css	.comentarii-title-line::after		font-weight	800
src/css/com/04-comments-header.css	.comentarii-title-group h2		letter-spacing	-0.045em
src/css/com/04-comments-header.css	.comentarii-title-group h2		font-weight	850
src/css/com/04-comments-header.css	.comentarii-title-group h2		font-size	30px
src/css/com/04-comments-header.css	.com-category-selector .com-cat-label		text-align	center
src/css/com/04-comments-header.css	.comentarii-tabs		margin-top	0
src/css/com/04-comments-header.css	.comentarii-top	@media (max-width: 990px)	gap	14px
src/css/com/04-comments-header.css	.comentarii-tabs		gap	7px
src/css/com/04-comments-header.css	.comentarii-top		gap	18px
src/css/com/04-comments-header.css	.comentarii-top		align-items	flex-start
src/css/com/04-comments-header.css	.comentarii-title-line::after		text-transform	uppercase
src/css/com/04-comments-header.css	.comentarii-title-line::after		line-height	1
src/css/com/04-comments-header.css	.comentarii-title-line::after		content	"""COMUNITATEA ANIVORTEX"""
src/css/com/04-comments-header.css	.comentarii-title-line		align-items	flex-start
src/css/com/04-comments-header.css	.comentarii-title-line		flex-direction	column
src/css/com/04-comments-header.css	.comentarii-title-line		display	flex
src/css/com/03-comments-refinement.css	.av10-series-arrow		align-self	center
src/css/com/03-comments-refinement.css	.av10-series-arrow		justify-self	center
src/css/com/03-comments-refinement.css	.av10-series-arrow		text-align	center
src/css/com/03-comments-refinement.css	.av10-series-arrow		padding	0
src/css/com/03-comments-refinement.css	.av10-series-arrow		line-height	1
src/css/com/03-comments-refinement.css	.av10-series-arrow		align-self	center
src/css/com/03-comments-refinement.css	.av10-series-arrow		justify-self	center
src/css/com/03-comments-refinement.css	.av10-text		line-height	1.5
src/css/com/03-comments-refinement.css	.av10-series-arrow		height	22px
src/css/com/03-comments-refinement.css	.av10-series-arrow		width	22px
src/css/com/03-comments-refinement.css	.av10-series-copy strong	@media (max-width: 620px)	font-size	11.6px
src/css/com/03-comments-refinement.css	.av10-text	@media (max-width: 1510px)	line-clamp	5
src/css/com/03-comments-refinement.css	.av10-text	@media (max-width: 1510px)	-webkit-line-clamp	5
src/css/com/03-comments-refinement.css	.av10-text		line-height	1.54
src/css/com/03-comments-refinement.css	.av10-series-arrow		line-height	1
src/css/com/03-comments-refinement.css	.av10-series-copy strong		line-height	1.12
src/css/com/03-comments-refinement.css	.av10-series::before		width	2px
src/css/com/03-comments-refinement.css	.av10-series		align-items	center
src/css/com/03-comments-refinement.css	.av10-text	@media (max-width: 620px)	font-size	12px
src/css/com/03-comments-refinement.css	.av10-text	@media (max-width: 1510px)	line-clamp	5
src/css/com/03-comments-refinement.css	.av10-text	@media (max-width: 1510px)	-webkit-line-clamp	5
src/css/com/03-comments-refinement.css	.av10-card	@media (max-width: 1510px)	grid-template-rows	64px minmax(0, 1fr) 44px
src/css/com/03-comments-refinement.css	.av10-text		line-clamp	5
src/css/com/03-comments-refinement.css	.av10-text		-webkit-line-clamp	5
src/css/com/03-comments-refinement.css	.av10-text		line-height	1.56
src/css/com/03-comments-refinement.css	.av10-series-arrow		align-self	center
src/css/com/03-comments-refinement.css	.av10-series-copy strong		letter-spacing	-0.015em
src/css/com/03-comments-refinement.css	.av10-series-copy strong		font-weight	800
src/css/com/03-comments-refinement.css	.av10-series-copy strong		color	#f3f8f7
src/css/com/03-comments-refinement.css	.av10-series-copy strong		overflow	hidden
src/css/com/03-comments-refinement.css	.av10-series-copy small		letter-spacing	0.12em
src/css/com/03-comments-refinement.css	.av10-series-copy		overflow	hidden
src/css/com/03-comments-refinement.css	.av10-series-copy		min-width	0
src/css/com/03-comments-refinement.css	.av10-series::before		width	2px
src/css/com/03-comments-refinement.css	.av10-series::before		bottom	11px
src/css/com/03-comments-refinement.css	.av10-series::before		top	11px
src/css/com/03-comments-refinement.css	.av10-series		border-radius	13px
src/css/com/03-comments-refinement.css	.av10-series		gap	10px
src/css/com/03-comments-refinement.css	.av10-message:not(#__av_prio_a#__av_prio_b#__av_prio_c#__av_prio_d#__av_prio_e#__av_prio_f#__av_prio_g#__av_prio_h)		border-radius	18px
src/css/com/03-comments-refinement.css	.av10-time		line-height	1
src/css/com/03-comments-refinement.css	.av10-name		line-height	1.06
src/css/com/03-comments-refinement.css	.av10-card		grid-template-rows	68px minmax(0, 1fr) 46px
src/css/com/02-comments-layout.css	.av10-text	@media (max-width: 620px)	font-size	12px
src/css/com/02-comments-layout.css	.av10-series	@media (max-width: 1510px)	height	56px
src/css/com/02-comments-layout.css	.av10-series	@media (max-width: 1510px)	flex-basis	56px
src/css/com/02-comments-layout.css	.av10-card	@media (max-width: 1510px)	height	382px
src/css/com/02-comments-layout.css	.av10-reaction		height	36px
src/css/com/02-comments-layout.css	.av10-reactions		height	44px
src/css/com/02-comments-layout.css	.av10-text		line-clamp	6
src/css/com/02-comments-layout.css	.av10-text		-webkit-line-clamp	6
src/css/com/02-comments-layout.css	.av10-body		overflow	hidden
src/css/com/02-comments-layout.css	.av10-body		min-height	0
src/css/com/02-comments-layout.css	.av10-body		flex	1 1 auto
src/css/com/02-comments-layout.css	.av10-series-arrow		font-size	18px
src/css/com/02-comments-layout.css	.av10-series-arrow		border-radius	8px
src/css/com/02-comments-layout.css	.av10-series-copy strong		line-height	1.1
src/css/com/02-comments-layout.css	.av10-series-copy strong		margin-top	5px
src/css/com/02-comments-layout.css	.av10-series-copy small		line-height	1
src/css/com/02-comments-layout.css	.av10-series-copy		overflow	hidden
src/css/com/02-comments-layout.css	.av10-series-copy		min-width	0
src/css/com/02-comments-layout.css	.av10-series		gap	9px
src/css/com/02-comments-layout.css	.av10-series		margin	8px 8px 0
src/css/com/02-comments-layout.css	.av10-series		height	58px
src/css/com/02-comments-layout.css	.av10-series		width	calc(100% - 16px)
src/css/com/02-comments-layout.css	.av10-series		flex	0 0 58px
src/css/com/02-comments-layout.css	.av10-message		overflow	hidden
src/css/com/02-comments-layout.css	.av10-message		flex-direction	column
src/css/com/02-comments-layout.css	.av10-message		display	flex
src/css/com/02-comments-layout.css	.av10-message		min-height	0
src/css/com/02-comments-layout.css	.av10-number		top	18px
src/css/com/02-comments-layout.css	.av10-number		right	12px
src/css/com/02-comments-layout.css	.av10-time		line-height	1
src/css/com/02-comments-layout.css	.av10-time		margin-top	5px
src/css/com/02-comments-layout.css	.av10-name		max-width	100%
src/css/com/02-comments-layout.css	.av10-identity		transform	none
src/css/com/02-comments-layout.css	.av10-identity		justify-content	center
src/css/com/02-comments-layout.css	.av10-identity		min-width	0
src/css/com/02-comments-layout.css	.av10-head:not(#__av_prio_a#__av_prio_b#__av_prio_c#__av_prio_d#__av_prio_e#__av_prio_f#__av_prio_g#__av_prio_h)		transform	none
src/css/com/02-comments-layout.css	.av10-card		row-gap	10px
src/css/com/02-comments-layout.css	.av10-text	@media (max-width: 620px)	font-size	12px
src/css/com/02-comments-layout.css	.av10-name	@media (max-width: 620px)	font-size	14.5px
src/css/com/02-comments-layout.css	.av10-text	@media (max-width: 1510px)	font-size	11.8px
src/css/com/02-comments-layout.css	.av10-reaction		height	36px
src/css/com/02-comments-layout.css	.av10-reactions		gap	6px
src/css/com/02-comments-layout.css	.av10-text		line-clamp	6
src/css/com/02-comments-layout.css	.av10-text		-webkit-line-clamp	6
src/css/com/02-comments-layout.css	.av10-text		font-weight	600
src/css/com/02-comments-layout.css	.av10-text		font-size	12.1px
src/css/com/02-comments-layout.css	".av10-series:hover .av10-series-arrow,
.av10-series:focus-visible .av10-series-arrow"		transform	translateX(2px)
src/css/com/02-comments-layout.css	.av10-series-arrow		color	#e4ca82
src/css/com/02-comments-layout.css	.av10-series-arrow		height	28px
src/css/com/02-comments-layout.css	.av10-series-arrow		width	28px
src/css/com/02-comments-layout.css	.av10-series-copy strong		margin-top	5px
src/css/com/02-comments-layout.css	.av10-series-copy small		line-height	1
src/css/com/02-comments-layout.css	.av10-series-copy small		font-weight	850
src/css/com/02-comments-layout.css	.av10-series:hover		transform	translateY(-1px)
src/css/com/02-comments-layout.css	.av10-series::before		width	2px
src/css/com/02-comments-layout.css	.av10-series::before		bottom	10px
src/css/com/02-comments-layout.css	.av10-series::before		top	10px
src/css/com/02-comments-layout.css	.av10-series		gap	10px
src/css/com/02-comments-layout.css	.av10-series		grid-template-columns	minmax(0, 1fr) 28px
src/css/com/02-comments-layout.css	.av10-series		height	52px
src/css/com/02-comments-layout.css	.av10-time		line-height	1
src/css/com/02-comments-layout.css	.av10-time		margin-top	5px
src/css/com/02-comments-layout.css	.av10-name		letter-spacing	-0.02em
src/css/com/02-comments-layout.css	.av10-name		line-height	1.08
src/css/com/02-comments-layout.css	.av10-head		gap	12px
src/css/com/02-comments-layout.css	.av10-reactions		width	100%
src/css/com/02-comments-layout.css	.av10-footer		height	46px
src/css/com/02-comments-layout.css	.av10-footer		width	100%
src/css/com/02-comments-layout.css	.av10-text		line-clamp	6
src/css/com/02-comments-layout.css	.av10-text		-webkit-line-clamp	6
src/css/com/02-comments-layout.css	".av10-series:hover .av10-series-arrow,
.av10-series:focus-visible .av10-series-arrow"		transform	translateX(2px)
src/css/com/02-comments-layout.css	.av10-series-arrow		height	22px
src/css/com/02-comments-layout.css	.av10-series-arrow		width	22px
src/css/com/02-comments-layout.css	.av10-series-copy strong		margin-top	4px
src/css/com/02-comments-layout.css	.av10-series		gap	9px
src/css/com/02-comments-layout.css	.av10-series		grid-template-columns	minmax(0, 1fr) 24px
src/css/com/02-comments-layout.css	.av10-series		height	52px
src/css/com/02-comments-layout.css	.av10-time		margin-top	4px
src/css/com/02-comments-layout.css	.av10-identity		justify-content	center
src/css/com/02-comments-layout.css	.av10-head		gap	11px
src/css/com/02-comments-layout.css	.av10-head		align-items	center
src/css/com/02-comments-layout.css	.comentarii-title-group h2		line-height	1
src/css/com/02-comments-layout.css	.comentarii-title-group h2		font-size	30px
src/css/com/01-comments-core.css	.av10-identity		justify-content	center
src/css/com/01-comments-core.css	.av10-message:not(#__av_prio_a#__av_prio_b#__av_prio_c#__av_prio_d#__av_prio_e#__av_prio_f#__av_prio_g#__av_prio_h)		border-radius	18px
src/css/com/01-comments-core.css	.av10-online		bottom	1px
src/css/com/01-comments-core.css	.av10-online		right	1px
src/css/com/01-comments-core.css	.av10-head:not(#__av_prio_a#__av_prio_b#__av_prio_c#__av_prio_d#__av_prio_e#__av_prio_f#__av_prio_g#__av_prio_h)		transform	none
src/css/com/01-comments-core.css	.av10-head		gap	12px
src/css/com/01-comments-core.css	.av10-head		align-items	center
src/css/com/01-comments-core.css	.comentarii-content:not(#__av_prio_a#__av_prio_b#__av_prio_c#__av_prio_d#__av_prio_e#__av_prio_f#__av_prio_g#__av_prio_h), .comentarii-track:not(#__av_prio_a#__av_prio_b#__av_prio_c#__av_prio_d#__av_prio_e#__av_prio_f#__av_prio_g#__av_prio_h)		box-shadow	none
src/css/com/01-comments-core.css	.comentarii-content:not(#__av_prio_a#__av_prio_b#__av_prio_c#__av_prio_d#__av_prio_e#__av_prio_f#__av_prio_g#__av_prio_h), .comentarii-track:not(#__av_prio_a#__av_prio_b#__av_prio_c#__av_prio_d#__av_prio_e#__av_prio_f#__av_prio_g#__av_prio_h)		background-image	none
src/css/com/01-comments-core.css	.comentarii-content:not(#__av_prio_a#__av_prio_b#__av_prio_c#__av_prio_d#__av_prio_e#__av_prio_f#__av_prio_g#__av_prio_h), .comentarii-track:not(#__av_prio_a#__av_prio_b#__av_prio_c#__av_prio_d#__av_prio_e#__av_prio_f#__av_prio_g#__av_prio_h)		background	transparent
src/css/com/01-comments-core.css	.av10-card	@media (max-width: 620px)	height	350px
src/css/com/01-comments-core.css	.comentarii-top	@media (max-width: 990px)	gap	14px
src/css/com/01-comments-core.css	.comentarii-top	@media (max-width: 990px)	align-items	flex-start
src/css/com/01-comments-core.css	.comentarii-section	@media (max-width: 990px)	min-height	0
src/css/com/01-comments-core.css	.av10-card	@media (max-width: 1510px)	height	340px
src/css/com/01-comments-core.css	.av10-reaction.is-active		color	var(--accent)
src/css/com/01-comments-core.css	.av10-reaction svg		height	13px
src/css/com/01-comments-core.css	.av10-reaction svg		width	13px
src/css/com/01-comments-core.css	.av10-reaction		padding	0 5px
src/css/com/01-comments-core.css	.av10-reaction		gap	5px
src/css/com/01-comments-core.css	.av10-reactions		display	grid
src/css/com/01-comments-core.css	.av10-reactions		height	40px
src/css/com/01-comments-core.css	.av10-reactions		width	100%
src/css/com/01-comments-core.css	.av10-footer		height	48px
src/css/com/01-comments-core.css	.av10-text		line-clamp	5
src/css/com/01-comments-core.css	.av10-text		-webkit-line-clamp	5
src/css/com/01-comments-core.css	.av10-text		margin	0
src/css/com/01-comments-core.css	.av10-text		z-index	2
src/css/com/01-comments-core.css	.av10-text		position	relative
src/css/com/01-comments-core.css	.av10-body		min-height	0
src/css/com/01-comments-core.css	.av10-body		position	relative
src/css/com/01-comments-core.css	.av10-series-arrow		line-height	1
src/css/com/01-comments-core.css	.av10-series-arrow		font-size	18px
src/css/com/01-comments-core.css	.av10-series-arrow		border-radius	8px
src/css/com/01-comments-core.css	.av10-series-arrow		place-items	center
src/css/com/01-comments-core.css	.av10-series-arrow		display	grid
src/css/com/01-comments-core.css	.av10-series-arrow		height	22px
src/css/com/01-comments-core.css	.av10-series-arrow		width	22px
src/css/com/01-comments-core.css	.av10-series-copy strong		white-space	nowrap
src/css/com/01-comments-core.css	.av10-series-copy strong		text-overflow	ellipsis
src/css/com/01-comments-core.css	.av10-series-copy strong		font-size	9.8px
src/css/com/01-comments-core.css	.av10-series-copy strong		overflow	hidden
src/css/com/01-comments-core.css	.av10-series-copy small		text-transform	uppercase
src/css/com/01-comments-core.css	.av10-series-copy small		font-weight	850
src/css/com/01-comments-core.css	.av10-series-copy		min-width	0
src/css/com/01-comments-core.css	.av10-series		padding	7px 10px 7px 13px
src/css/com/01-comments-core.css	.av10-series		gap	9px
src/css/com/01-comments-core.css	.av10-series		align-items	center
src/css/com/01-comments-core.css	.av10-series		grid-template-columns	minmax(0, 1fr) 26px
src/css/com/01-comments-core.css	.av10-series		position	relative
src/css/com/01-comments-core.css	.av10-message		overflow	hidden
src/css/com/01-comments-core.css	.av10-message		min-height	0
src/css/com/01-comments-core.css	.av10-time		line-height	1
src/css/com/01-comments-core.css	.av10-time		margin-top	4px
src/css/com/01-comments-core.css	.av10-name		font-size	12.5px
src/css/com/01-comments-core.css	.av10-name		max-width	100%
src/css/com/01-comments-core.css	.av10-identity		min-width	0
src/css/com/01-comments-core.css	.av10-online		height	12px
src/css/com/01-comments-core.css	.av10-online		width	12px
src/css/com/01-comments-core.css	.av10-online		bottom	0
src/css/com/01-comments-core.css	.av10-online		right	0
src/css/com/01-comments-core.css	.av10-avatar img		object-fit	cover
src/css/com/01-comments-core.css	.av10-avatar img		height	100%
src/css/com/01-comments-core.css	.av10-avatar img		width	100%
src/css/com/01-comments-core.css	.av10-avatar		overflow	hidden
src/css/com/01-comments-core.css	.av10-head		gap	11px
src/css/com/01-comments-core.css	.av10-head		align-items	center
src/css/com/01-comments-core.css	.av10-card		padding	16px 14px 12px
src/css/com/01-comments-core.css	.av10-card		height	390px
src/css/com/01-comments-core.css	.com-category-selector		align-items	center
src/css/com/01-comments-core.css	".com-tab,
.com-category-selector"		min-height	38px
src/css/com/01-comments-core.css	.comentarii-tabs		gap	7px
src/css/com/01-comments-core.css	.comentarii-tabs		align-items	center
src/css/com/01-comments-core.css	.comentarii-title-line		display	flex
src/css/com/01-comments-core.css	.comentarii-top		align-items	center
src/css/trending/05-trending-effects.css	#trendingMaster .avt-v31-fx::after		position	absolute
src/css/trending/04-trending-refinements.css	#trendingMaster .avt-caption:not(#__av_prio_a#__av_prio_b#__av_prio_c#__av_prio_d#__av_prio_e#__av_prio_f#__av_prio_g#__av_prio_h)::before, #trendingMaster .avt-caption:not(#__av_prio_a#__av_prio_b#__av_prio_c#__av_prio_d#__av_prio_e#__av_prio_f#__av_prio_g#__av_prio_h)::after		content	none
src/css/trending/04-trending-refinements.css	#trendingMaster .avt-caption:not(#__av_prio_a#__av_prio_b#__av_prio_c#__av_prio_d#__av_prio_e#__av_prio_f#__av_prio_g#__av_prio_h)::before, #trendingMaster .avt-caption:not(#__av_prio_a#__av_prio_b#__av_prio_c#__av_prio_d#__av_prio_e#__av_prio_f#__av_prio_g#__av_prio_h)::after		display	none
src/css/trending/04-trending-refinements.css	#trendingMaster .avt-title:not(#__av_prio_a#__av_prio_b#__av_prio_c#__av_prio_d#__av_prio_e#__av_prio_f#__av_prio_g#__av_prio_h)		font-weight	700
src/css/trending/04-trending-refinements.css	#trendingMaster .avt-title:not(#__av_prio_a#__av_prio_b#__av_prio_c#__av_prio_d#__av_prio_e#__av_prio_f#__av_prio_g#__av_prio_h)		font-size	1rem
src/css/trending/04-trending-refinements.css	#trendingMaster .avt-title:not(#__av_prio_a#__av_prio_b#__av_prio_c#__av_prio_d#__av_prio_e#__av_prio_f#__av_prio_g#__av_prio_h)		color	#f2f5f4
src/css/trending/04-trending-refinements.css	#trendingMaster .avt-title:not(#__av_prio_a#__av_prio_b#__av_prio_c#__av_prio_d#__av_prio_e#__av_prio_f#__av_prio_g#__av_prio_h)		text-orientation	mixed
src/css/trending/04-trending-refinements.css	#trendingMaster .avt-title:not(#__av_prio_a#__av_prio_b#__av_prio_c#__av_prio_d#__av_prio_e#__av_prio_f#__av_prio_g#__av_prio_h)		text-overflow	ellipsis
src/css/trending/04-trending-refinements.css	#trendingMaster .avt-title:not(#__av_prio_a#__av_prio_b#__av_prio_c#__av_prio_d#__av_prio_e#__av_prio_f#__av_prio_g#__av_prio_h)		overflow	hidden
src/css/trending/04-trending-refinements.css	#trendingMaster .avt-title:not(#__av_prio_a#__av_prio_b#__av_prio_c#__av_prio_d#__av_prio_e#__av_prio_f#__av_prio_g#__av_prio_h)		min-height	0
src/css/trending/04-trending-refinements.css	#trendingMaster .avt-title:not(#__av_prio_a#__av_prio_b#__av_prio_c#__av_prio_d#__av_prio_e#__av_prio_f#__av_prio_g#__av_prio_h)		margin	0
src/css/trending/04-trending-refinements.css	#trendingMaster .avt-caption:not(#__av_prio_a#__av_prio_b#__av_prio_c#__av_prio_d#__av_prio_e#__av_prio_f#__av_prio_g#__av_prio_h)		pointer-events	none
src/css/trending/04-trending-refinements.css	#trendingMaster .avt-caption:not(#__av_prio_a#__av_prio_b#__av_prio_c#__av_prio_d#__av_prio_e#__av_prio_f#__av_prio_g#__av_prio_h)		z-index	3
src/css/trending/04-trending-refinements.css	#trendingMaster .avt-caption:not(#__av_prio_a#__av_prio_b#__av_prio_c#__av_prio_d#__av_prio_e#__av_prio_f#__av_prio_g#__av_prio_h)		display	flex
src/css/trending/04-trending-refinements.css	#trendingMaster .avt-caption:not(#__av_prio_a#__av_prio_b#__av_prio_c#__av_prio_d#__av_prio_e#__av_prio_f#__av_prio_g#__av_prio_h)		margin	0
src/css/trending/04-trending-refinements.css	#trendingMaster .trending-pair:not(#__av_prio_a#__av_prio_b#__av_prio_c#__av_prio_d#__av_prio_e#__av_prio_f#__av_prio_g#__av_prio_h), #trendingMaster .trending-pair:hover:not(#__av_prio_a#__av_prio_b#__av_prio_c#__av_prio_d#__av_prio_e#__av_prio_f#__av_prio_g#__av_prio_h), #trendingMaster .trending-pair:focus-within:not(#__av_prio_a#__av_prio_b#__av_prio_c#__av_prio_d#__av_prio_e#__av_prio_f#__av_prio_g#__av_prio_h), #trendingMaster .trending-pair:active:not(#__av_prio_a#__av_prio_b#__av_prio_c#__av_prio_d#__av_prio_e#__av_prio_f#__av_prio_g#__av_prio_h), #trendingMaster .trending-pair.avt-tilt-active:not(#__av_prio_a#__av_prio_b#__av_prio_c#__av_prio_d#__av_prio_e#__av_prio_f#__av_prio_g#__av_prio_h)		transform	none
src/css/trending/04-trending-refinements.css	#trendingMaster .avt-artwork img:not(#__av_prio_a#__av_prio_b#__av_prio_c#__av_prio_d#__av_prio_e#__av_prio_f#__av_prio_g#__av_prio_h), #trendingMaster .trending-pair:hover .avt-artwork img:not(#__av_prio_a#__av_prio_b#__av_prio_c#__av_prio_d#__av_prio_e#__av_prio_f#__av_prio_g#__av_prio_h), #trendingMaster .trending-pair:focus-within .avt-artwork img:not(#__av_prio_a#__av_prio_b#__av_prio_c#__av_prio_d#__av_prio_e#__av_prio_f#__av_prio_g#__av_prio_h)		filter	none
src/css/trending/04-trending-refinements.css	#trendingMaster .avt-artwork img:not(#__av_prio_a#__av_prio_b#__av_prio_c#__av_prio_d#__av_prio_e#__av_prio_f#__av_prio_g#__av_prio_h), #trendingMaster .trending-pair:hover .avt-artwork img:not(#__av_prio_a#__av_prio_b#__av_prio_c#__av_prio_d#__av_prio_e#__av_prio_f#__av_prio_g#__av_prio_h), #trendingMaster .trending-pair:focus-within .avt-artwork img:not(#__av_prio_a#__av_prio_b#__av_prio_c#__av_prio_d#__av_prio_e#__av_prio_f#__av_prio_g#__av_prio_h)		transform	scale(1.015)
src/css/trending/04-trending-refinements.css	#trendingMaster .avt-artwork:not(#__av_prio_a#__av_prio_b#__av_prio_c#__av_prio_d#__av_prio_e#__av_prio_f#__av_prio_g#__av_prio_h)::before		display	none
src/css/trending/04-trending-refinements.css	#trendingMaster .avt-artwork:not(#__av_prio_a#__av_prio_b#__av_prio_c#__av_prio_d#__av_prio_e#__av_prio_f#__av_prio_g#__av_prio_h)::before		content	none
src/css/trending/04-trending-refinements.css	#trendingMaster .trending-pair:not(#__av_prio_a#__av_prio_b#__av_prio_c#__av_prio_d#__av_prio_e#__av_prio_f#__av_prio_g#__av_prio_h), #trendingMaster .trending-pair:hover:not(#__av_prio_a#__av_prio_b#__av_prio_c#__av_prio_d#__av_prio_e#__av_prio_f#__av_prio_g#__av_prio_h), #trendingMaster .trending-pair:focus-within:not(#__av_prio_a#__av_prio_b#__av_prio_c#__av_prio_d#__av_prio_e#__av_prio_f#__av_prio_g#__av_prio_h), #trendingMaster .trending-pair:active:not(#__av_prio_a#__av_prio_b#__av_prio_c#__av_prio_d#__av_prio_e#__av_prio_f#__av_prio_g#__av_prio_h), #trendingMaster .trending-pair.avt-tilt-active:not(#__av_prio_a#__av_prio_b#__av_prio_c#__av_prio_d#__av_prio_e#__av_prio_f#__av_prio_g#__av_prio_h)		transform	none
src/css/trending/04-trending-refinements.css	#trendingMaster .trending-pair:hover:not(#__av_prio_a#__av_prio_b#__av_prio_c#__av_prio_d#__av_prio_e#__av_prio_f#__av_prio_g#__av_prio_h)::before, #trendingMaster .trending-pair:focus-within:not(#__av_prio_a#__av_prio_b#__av_prio_c#__av_prio_d#__av_prio_e#__av_prio_f#__av_prio_g#__av_prio_h)::before		opacity	1
src/css/trending/04-trending-refinements.css	#trendingMaster .trending-pair:not(#__av_prio_a#__av_prio_b#__av_prio_c#__av_prio_d#__av_prio_e#__av_prio_f#__av_prio_g#__av_prio_h)::after		content	""""""
src/css/trending/04-trending-refinements.css	#trendingMaster .trending-pair::after		pointer-events	none
src/css/trending/04-trending-refinements.css	#trendingMaster .trending-pair::after		position	absolute
src/css/trending/04-trending-refinements.css	#trendingMaster .trending-pair:not(#__av_prio_a#__av_prio_b#__av_prio_c#__av_prio_d#__av_prio_e#__av_prio_f#__av_prio_g#__av_prio_h)::before		content	""""""
src/css/trending/04-trending-refinements.css	#trendingMaster .trending-pair::before		pointer-events	none
src/css/trending/04-trending-refinements.css	#trendingMaster .trending-pair::before		position	absolute
src/css/trending/04-trending-refinements.css	#trendingMaster .avt-artwork img:not(#__av_prio_a#__av_prio_b#__av_prio_c#__av_prio_d#__av_prio_e#__av_prio_f#__av_prio_g#__av_prio_h), #trendingMaster .trending-pair:hover .avt-artwork img:not(#__av_prio_a#__av_prio_b#__av_prio_c#__av_prio_d#__av_prio_e#__av_prio_f#__av_prio_g#__av_prio_h), #trendingMaster .trending-pair:focus-within .avt-artwork img:not(#__av_prio_a#__av_prio_b#__av_prio_c#__av_prio_d#__av_prio_e#__av_prio_f#__av_prio_g#__av_prio_h)		filter	none
src/css/trending/04-trending-refinements.css	#trendingMaster .avt-artwork img:not(#__av_prio_a#__av_prio_b#__av_prio_c#__av_prio_d#__av_prio_e#__av_prio_f#__av_prio_g#__av_prio_h), #trendingMaster .trending-pair:hover .avt-artwork img:not(#__av_prio_a#__av_prio_b#__av_prio_c#__av_prio_d#__av_prio_e#__av_prio_f#__av_prio_g#__av_prio_h), #trendingMaster .trending-pair:focus-within .avt-artwork img:not(#__av_prio_a#__av_prio_b#__av_prio_c#__av_prio_d#__av_prio_e#__av_prio_f#__av_prio_g#__av_prio_h)		transform	scale(1.015)
src/css/trending/04-trending-refinements.css	#trendingMaster .avt-artwork:not(#__av_prio_a#__av_prio_b#__av_prio_c#__av_prio_d#__av_prio_e#__av_prio_f#__av_prio_g#__av_prio_h)::before		display	none
src/css/trending/04-trending-refinements.css	#trendingMaster .avt-artwork:not(#__av_prio_a#__av_prio_b#__av_prio_c#__av_prio_d#__av_prio_e#__av_prio_f#__av_prio_g#__av_prio_h)::before		content	none
src/css/trending/04-trending-refinements.css	#trendingMaster .trending-pair:not(#__av_prio_a#__av_prio_b#__av_prio_c#__av_prio_d#__av_prio_e#__av_prio_f#__av_prio_g#__av_prio_h), #trendingMaster .trending-pair:hover:not(#__av_prio_a#__av_prio_b#__av_prio_c#__av_prio_d#__av_prio_e#__av_prio_f#__av_prio_g#__av_prio_h), #trendingMaster .trending-pair:focus-within:not(#__av_prio_a#__av_prio_b#__av_prio_c#__av_prio_d#__av_prio_e#__av_prio_f#__av_prio_g#__av_prio_h), #trendingMaster .trending-pair:active:not(#__av_prio_a#__av_prio_b#__av_prio_c#__av_prio_d#__av_prio_e#__av_prio_f#__av_prio_g#__av_prio_h), #trendingMaster .trending-pair.avt-tilt-active:not(#__av_prio_a#__av_prio_b#__av_prio_c#__av_prio_d#__av_prio_e#__av_prio_f#__av_prio_g#__av_prio_h)		transform	none
src/css/trending/04-trending-refinements.css	#trendingMaster .trending-pair:not(#__av_prio_a#__av_prio_b#__av_prio_c#__av_prio_d#__av_prio_e#__av_prio_f#__av_prio_g#__av_prio_h)::after		transform	none
src/css/trending/04-trending-refinements.css	#trendingMaster .trending-pair:not(#__av_prio_a#__av_prio_b#__av_prio_c#__av_prio_d#__av_prio_e#__av_prio_f#__av_prio_g#__av_prio_h)::after		content	""""""
src/css/trending/04-trending-refinements.css	#trendingMaster .trending-pair::after		filter	blur(12px)
src/css/trending/04-trending-refinements.css	#trendingMaster .trending-pair::after		pointer-events	none
src/css/trending/04-trending-refinements.css	#trendingMaster .trending-pair::after		border-radius	50%
src/css/trending/04-trending-refinements.css	#trendingMaster .trending-pair::after		z-index	0
src/css/trending/04-trending-refinements.css	#trendingMaster .trending-pair::after		position	absolute
src/css/trending/04-trending-refinements.css	#trendingMaster .trending-pair:not(#__av_prio_a#__av_prio_b#__av_prio_c#__av_prio_d#__av_prio_e#__av_prio_f#__av_prio_g#__av_prio_h)::before		content	""""""
src/css/trending/04-trending-refinements.css	#trendingMaster .trending-pair::before		mask-composite	exclude
src/css/trending/04-trending-refinements.css	#trendingMaster .trending-pair::before		-webkit-mask-composite	xor
src/css/trending/04-trending-refinements.css	#trendingMaster .trending-pair::before		mask	linear-gradient(#000 0 0) content-box, linear-gradient(#000 0 0)
src/css/trending/04-trending-refinements.css	#trendingMaster .trending-pair::before		-webkit-mask	linear-gradient(#000 0 0) content-box, linear-gradient(#000 0 0)
src/css/trending/04-trending-refinements.css	#trendingMaster .trending-pair::before		pointer-events	none
src/css/trending/04-trending-refinements.css	#trendingMaster .trending-pair::before		position	absolute
src/css/trending/04-trending-refinements.css	#trendingMaster .avt-artwork img:not(#__av_prio_a#__av_prio_b#__av_prio_c#__av_prio_d#__av_prio_e#__av_prio_f#__av_prio_g#__av_prio_h), #trendingMaster .trending-pair:hover .avt-artwork img:not(#__av_prio_a#__av_prio_b#__av_prio_c#__av_prio_d#__av_prio_e#__av_prio_f#__av_prio_g#__av_prio_h), #trendingMaster .trending-pair:focus-within .avt-artwork img:not(#__av_prio_a#__av_prio_b#__av_prio_c#__av_prio_d#__av_prio_e#__av_prio_f#__av_prio_g#__av_prio_h)		filter	none
src/css/trending/04-trending-refinements.css	#trendingMaster .avt-artwork img:not(#__av_prio_a#__av_prio_b#__av_prio_c#__av_prio_d#__av_prio_e#__av_prio_f#__av_prio_g#__av_prio_h), #trendingMaster .trending-pair:hover .avt-artwork img:not(#__av_prio_a#__av_prio_b#__av_prio_c#__av_prio_d#__av_prio_e#__av_prio_f#__av_prio_g#__av_prio_h), #trendingMaster .trending-pair:focus-within .avt-artwork img:not(#__av_prio_a#__av_prio_b#__av_prio_c#__av_prio_d#__av_prio_e#__av_prio_f#__av_prio_g#__av_prio_h)		transform	scale(1.015)
src/css/trending/04-trending-refinements.css	#trendingMaster .avt-artwork:not(#__av_prio_a#__av_prio_b#__av_prio_c#__av_prio_d#__av_prio_e#__av_prio_f#__av_prio_g#__av_prio_h)::before		display	none
src/css/trending/04-trending-refinements.css	#trendingMaster .avt-artwork:not(#__av_prio_a#__av_prio_b#__av_prio_c#__av_prio_d#__av_prio_e#__av_prio_f#__av_prio_g#__av_prio_h)::before		content	none
src/css/trending/04-trending-refinements.css	#trendingMaster .trending-pair:not(#__av_prio_a#__av_prio_b#__av_prio_c#__av_prio_d#__av_prio_e#__av_prio_f#__av_prio_g#__av_prio_h), #trendingMaster .trending-pair:hover:not(#__av_prio_a#__av_prio_b#__av_prio_c#__av_prio_d#__av_prio_e#__av_prio_f#__av_prio_g#__av_prio_h), #trendingMaster .trending-pair:focus-within:not(#__av_prio_a#__av_prio_b#__av_prio_c#__av_prio_d#__av_prio_e#__av_prio_f#__av_prio_g#__av_prio_h), #trendingMaster .trending-pair:active:not(#__av_prio_a#__av_prio_b#__av_prio_c#__av_prio_d#__av_prio_e#__av_prio_f#__av_prio_g#__av_prio_h), #trendingMaster .trending-pair.avt-tilt-active:not(#__av_prio_a#__av_prio_b#__av_prio_c#__av_prio_d#__av_prio_e#__av_prio_f#__av_prio_g#__av_prio_h)		transform	none
src/css/trending/04-trending-refinements.css	#trendingMaster .trending-pair::before		pointer-events	none
src/css/trending/04-trending-refinements.css	#trendingMaster .trending-pair::before		border-radius	inherit
src/css/trending/04-trending-refinements.css	#trendingMaster .trending-pair::before		z-index	4
src/css/trending/04-trending-refinements.css	#trendingMaster .trending-pair::before		inset	0
src/css/trending/04-trending-refinements.css	#trendingMaster .trending-pair::before		position	absolute
src/css/trending/04-trending-refinements.css	#trendingMaster .trending-pair:not(#__av_prio_a#__av_prio_b#__av_prio_c#__av_prio_d#__av_prio_e#__av_prio_f#__av_prio_g#__av_prio_h)::after		transform	none
src/css/trending/04-trending-refinements.css	#trendingMaster .trending-pair:not(#__av_prio_a#__av_prio_b#__av_prio_c#__av_prio_d#__av_prio_e#__av_prio_f#__av_prio_g#__av_prio_h)::after		content	""""""
src/css/trending/04-trending-refinements.css	#trendingMaster .trending-pair::after		pointer-events	none
src/css/trending/04-trending-refinements.css	#trendingMaster .trending-pair::after		z-index	1
src/css/trending/04-trending-refinements.css	#trendingMaster .trending-pair::after		position	absolute
src/css/trending/04-trending-refinements.css	#trendingMaster .trending-pair:not(#__av_prio_a#__av_prio_b#__av_prio_c#__av_prio_d#__av_prio_e#__av_prio_f#__av_prio_g#__av_prio_h), #trendingMaster .trending-pair:hover:not(#__av_prio_a#__av_prio_b#__av_prio_c#__av_prio_d#__av_prio_e#__av_prio_f#__av_prio_g#__av_prio_h), #trendingMaster .trending-pair:focus-within:not(#__av_prio_a#__av_prio_b#__av_prio_c#__av_prio_d#__av_prio_e#__av_prio_f#__av_prio_g#__av_prio_h), #trendingMaster .trending-pair:active:not(#__av_prio_a#__av_prio_b#__av_prio_c#__av_prio_d#__av_prio_e#__av_prio_f#__av_prio_g#__av_prio_h), #trendingMaster .trending-pair.avt-tilt-active:not(#__av_prio_a#__av_prio_b#__av_prio_c#__av_prio_d#__av_prio_e#__av_prio_f#__av_prio_g#__av_prio_h)		transform	none
src/css/trending/04-trending-refinements.css	#trendingMaster .avt-artwork img:not(#__av_prio_a#__av_prio_b#__av_prio_c#__av_prio_d#__av_prio_e#__av_prio_f#__av_prio_g#__av_prio_h), #trendingMaster .trending-pair:hover .avt-artwork img:not(#__av_prio_a#__av_prio_b#__av_prio_c#__av_prio_d#__av_prio_e#__av_prio_f#__av_prio_g#__av_prio_h), #trendingMaster .trending-pair:focus-within .avt-artwork img:not(#__av_prio_a#__av_prio_b#__av_prio_c#__av_prio_d#__av_prio_e#__av_prio_f#__av_prio_g#__av_prio_h)		filter	none
src/css/trending/04-trending-refinements.css	#trendingMaster .avt-artwork img:not(#__av_prio_a#__av_prio_b#__av_prio_c#__av_prio_d#__av_prio_e#__av_prio_f#__av_prio_g#__av_prio_h), #trendingMaster .trending-pair:hover .avt-artwork img:not(#__av_prio_a#__av_prio_b#__av_prio_c#__av_prio_d#__av_prio_e#__av_prio_f#__av_prio_g#__av_prio_h), #trendingMaster .trending-pair:focus-within .avt-artwork img:not(#__av_prio_a#__av_prio_b#__av_prio_c#__av_prio_d#__av_prio_e#__av_prio_f#__av_prio_g#__av_prio_h)		transform	scale(1.015)
src/css/trending/04-trending-refinements.css	#trendingMaster .avt-artwork:not(#__av_prio_a#__av_prio_b#__av_prio_c#__av_prio_d#__av_prio_e#__av_prio_f#__av_prio_g#__av_prio_h)::before		display	none
src/css/trending/04-trending-refinements.css	#trendingMaster .avt-artwork:not(#__av_prio_a#__av_prio_b#__av_prio_c#__av_prio_d#__av_prio_e#__av_prio_f#__av_prio_g#__av_prio_h)::before		content	none
src/css/trending/04-trending-refinements.css	#trendingMaster .trending-pair:not(#__av_prio_a#__av_prio_b#__av_prio_c#__av_prio_d#__av_prio_e#__av_prio_f#__av_prio_g#__av_prio_h)::after		transform	none
src/css/trending/04-trending-refinements.css	#trendingMaster .trending-pair:not(#__av_prio_a#__av_prio_b#__av_prio_c#__av_prio_d#__av_prio_e#__av_prio_f#__av_prio_g#__av_prio_h)::after		animation	none
src/css/trending/04-trending-refinements.css	#trendingMaster .trending-pair:not(#__av_prio_a#__av_prio_b#__av_prio_c#__av_prio_d#__av_prio_e#__av_prio_f#__av_prio_g#__av_prio_h)::after		content	""""""
src/css/trending/04-trending-refinements.css	#trendingMaster .trending-pair::after		pointer-events	none
src/css/trending/04-trending-refinements.css	#trendingMaster .trending-pair::after		border-radius	inherit
src/css/trending/04-trending-refinements.css	#trendingMaster .trending-pair::after		z-index	1
src/css/trending/04-trending-refinements.css	#trendingMaster .trending-pair::after		inset	0
src/css/trending/04-trending-refinements.css	#trendingMaster .trending-pair::after		position	absolute
src/css/trending/04-trending-refinements.css	#trendingMaster .trending-pair::before		opacity	.92
src/css/trending/04-trending-refinements.css	#trendingMaster .trending-pair::before		pointer-events	none
src/css/trending/04-trending-refinements.css	#trendingMaster .trending-pair::before		border-radius	inherit
src/css/trending/04-trending-refinements.css	#trendingMaster .trending-pair::before		z-index	4
src/css/trending/04-trending-refinements.css	#trendingMaster .trending-pair::before		inset	0
src/css/trending/04-trending-refinements.css	#trendingMaster .trending-pair::before		position	absolute
src/css/trending/04-trending-refinements.css	#trendingMaster .trending-pair::before		content	""""""
src/css/trending/04-trending-refinements.css	#trendingMaster .trending-pair:not(#__av_prio_a#__av_prio_b#__av_prio_c#__av_prio_d#__av_prio_e#__av_prio_f#__av_prio_g#__av_prio_h), #trendingMaster .trending-pair:hover:not(#__av_prio_a#__av_prio_b#__av_prio_c#__av_prio_d#__av_prio_e#__av_prio_f#__av_prio_g#__av_prio_h), #trendingMaster .trending-pair:focus-within:not(#__av_prio_a#__av_prio_b#__av_prio_c#__av_prio_d#__av_prio_e#__av_prio_f#__av_prio_g#__av_prio_h), #trendingMaster .trending-pair:active:not(#__av_prio_a#__av_prio_b#__av_prio_c#__av_prio_d#__av_prio_e#__av_prio_f#__av_prio_g#__av_prio_h), #trendingMaster .trending-pair.avt-tilt-active:not(#__av_prio_a#__av_prio_b#__av_prio_c#__av_prio_d#__av_prio_e#__av_prio_f#__av_prio_g#__av_prio_h)		transform	none
src/css/trending/04-trending-refinements.css	#trendingMaster .trending-pair:not(#__av_prio_a#__av_prio_b#__av_prio_c#__av_prio_d#__av_prio_e#__av_prio_f#__av_prio_g#__av_prio_h), #trendingMaster .trending-pair:hover:not(#__av_prio_a#__av_prio_b#__av_prio_c#__av_prio_d#__av_prio_e#__av_prio_f#__av_prio_g#__av_prio_h), #trendingMaster .trending-pair:focus-within:not(#__av_prio_a#__av_prio_b#__av_prio_c#__av_prio_d#__av_prio_e#__av_prio_f#__av_prio_g#__av_prio_h), #trendingMaster .trending-pair:active:not(#__av_prio_a#__av_prio_b#__av_prio_c#__av_prio_d#__av_prio_e#__av_prio_f#__av_prio_g#__av_prio_h), #trendingMaster .trending-pair.avt-tilt-active:not(#__av_prio_a#__av_prio_b#__av_prio_c#__av_prio_d#__av_prio_e#__av_prio_f#__av_prio_g#__av_prio_h)		transform	none
src/css/trending/04-trending-refinements.css	#trendingMaster .trending-pair:not(#__av_prio_a#__av_prio_b#__av_prio_c#__av_prio_d#__av_prio_e#__av_prio_f#__av_prio_g#__av_prio_h)::after		transform	none
src/css/trending/04-trending-refinements.css	#trendingMaster .trending-pair:not(#__av_prio_a#__av_prio_b#__av_prio_c#__av_prio_d#__av_prio_e#__av_prio_f#__av_prio_g#__av_prio_h)::after		animation	none
src/css/trending/04-trending-refinements.css	#trendingMaster .trending-pair:not(#__av_prio_a#__av_prio_b#__av_prio_c#__av_prio_d#__av_prio_e#__av_prio_f#__av_prio_g#__av_prio_h)::after		content	""""""
src/css/trending/04-trending-refinements.css	#trendingMaster .trending-pair::after		transition	opacity .28s ease, filter .28s ease, box-shadow .28s ease
src/css/trending/04-trending-refinements.css	#trendingMaster .trending-pair::after		pointer-events	none
src/css/trending/04-trending-refinements.css	#trendingMaster .trending-pair::after		border-radius	inherit
src/css/trending/04-trending-refinements.css	#trendingMaster .trending-pair::after		z-index	1
src/css/trending/04-trending-refinements.css	#trendingMaster .trending-pair::after		inset	0
src/css/trending/04-trending-refinements.css	#trendingMaster .trending-pair::after		position	absolute
src/css/trending/04-trending-refinements.css	#trendingMaster .trending-pair:not(#__av_prio_a#__av_prio_b#__av_prio_c#__av_prio_d#__av_prio_e#__av_prio_f#__av_prio_g#__av_prio_h)::after		transform	none
src/css/trending/04-trending-refinements.css	#trendingMaster .trending-pair:not(#__av_prio_a#__av_prio_b#__av_prio_c#__av_prio_d#__av_prio_e#__av_prio_f#__av_prio_g#__av_prio_h)::after		content	""""""
src/css/trending/04-trending-refinements.css	#trendingMaster .trending-pair::after		pointer-events	none
src/css/trending/04-trending-refinements.css	#trendingMaster .trending-pair::after		border-radius	inherit
src/css/trending/04-trending-refinements.css	#trendingMaster .trending-pair::after		z-index	1
src/css/trending/04-trending-refinements.css	#trendingMaster .trending-pair::after		inset	0
src/css/trending/04-trending-refinements.css	#trendingMaster .trending-pair::after		position	absolute
src/css/trending/04-trending-refinements.css	#trendingMaster .trending-pair:not(#__av_prio_a#__av_prio_b#__av_prio_c#__av_prio_d#__av_prio_e#__av_prio_f#__av_prio_g#__av_prio_h)::after		transform	none
src/css/trending/04-trending-refinements.css	"#trendingMaster .trending-pair:hover::before,
#trendingMaster .trending-pair:focus-within::before"		opacity	1
src/css/trending/04-trending-refinements.css	#trendingMaster .trending-pair:not(#__av_prio_a#__av_prio_b#__av_prio_c#__av_prio_d#__av_prio_e#__av_prio_f#__av_prio_g#__av_prio_h)::before		background	transparent
src/css/trending/04-trending-refinements.css	#trendingMaster .trending-pair::before		pointer-events	none
src/css/trending/04-trending-refinements.css	#trendingMaster .trending-pair::before		border-radius	inherit
src/css/trending/04-trending-refinements.css	#trendingMaster .trending-pair::before		z-index	4
src/css/trending/04-trending-refinements.css	#trendingMaster .trending-pair::before		inset	0
src/css/trending/04-trending-refinements.css	#trendingMaster .trending-pair::before		position	absolute
src/css/trending/04-trending-refinements.css	#trendingMaster .trending-pair::before		content	""""""
src/css/trending/04-trending-refinements.css	#trendingMaster .avt-artwork img:not(#__av_prio_a#__av_prio_b#__av_prio_c#__av_prio_d#__av_prio_e#__av_prio_f#__av_prio_g#__av_prio_h), #trendingMaster .trending-pair:hover .avt-artwork img:not(#__av_prio_a#__av_prio_b#__av_prio_c#__av_prio_d#__av_prio_e#__av_prio_f#__av_prio_g#__av_prio_h), #trendingMaster .trending-pair:focus-within .avt-artwork img:not(#__av_prio_a#__av_prio_b#__av_prio_c#__av_prio_d#__av_prio_e#__av_prio_f#__av_prio_g#__av_prio_h)		transform	scale(1.015)
src/css/trending/04-trending-refinements.css	#trendingMaster .trending-pair:not(#__av_prio_a#__av_prio_b#__av_prio_c#__av_prio_d#__av_prio_e#__av_prio_f#__av_prio_g#__av_prio_h), #trendingMaster .trending-pair:hover:not(#__av_prio_a#__av_prio_b#__av_prio_c#__av_prio_d#__av_prio_e#__av_prio_f#__av_prio_g#__av_prio_h), #trendingMaster .trending-pair:focus-within:not(#__av_prio_a#__av_prio_b#__av_prio_c#__av_prio_d#__av_prio_e#__av_prio_f#__av_prio_g#__av_prio_h), #trendingMaster .trending-pair:active:not(#__av_prio_a#__av_prio_b#__av_prio_c#__av_prio_d#__av_prio_e#__av_prio_f#__av_prio_g#__av_prio_h), #trendingMaster .trending-pair.avt-tilt-active:not(#__av_prio_a#__av_prio_b#__av_prio_c#__av_prio_d#__av_prio_e#__av_prio_f#__av_prio_g#__av_prio_h)		transform	none
src/css/trending/04-trending-refinements.css	#trendingMaster .trending-pair::after		pointer-events	none
src/css/trending/04-trending-refinements.css	#trendingMaster .trending-pair::after		border-radius	inherit
src/css/trending/04-trending-refinements.css	#trendingMaster .trending-pair::after		z-index	1
src/css/trending/04-trending-refinements.css	#trendingMaster .trending-pair::after		inset	0
src/css/trending/04-trending-refinements.css	#trendingMaster .trending-pair::after		position	absolute
src/css/trending/04-trending-refinements.css	#trendingMaster .avt-artwork::before		opacity	0
src/css/trending/04-trending-refinements.css	#trendingMaster .avt-artwork::before		mix-blend-mode	screen
src/css/trending/04-trending-refinements.css	#trendingMaster .avt-artwork::before		pointer-events	none
src/css/trending/04-trending-refinements.css	#trendingMaster .avt-artwork::before		z-index	3
src/css/trending/04-trending-refinements.css	#trendingMaster .avt-artwork::before		inset	0
src/css/trending/04-trending-refinements.css	#trendingMaster .avt-artwork::before		position	absolute
src/css/trending/04-trending-refinements.css	#trendingMaster .trending-pair::before		transition	opacity .28s ease, box-shadow .28s ease
src/css/trending/04-trending-refinements.css	#trendingMaster .trending-pair::before		pointer-events	none
src/css/trending/04-trending-refinements.css	#trendingMaster .trending-pair::before		border-radius	inherit
src/css/trending/04-trending-refinements.css	#trendingMaster .trending-pair::before		inset	0
src/css/trending/04-trending-refinements.css	#trendingMaster .trending-pair::before		position	absolute
src/css/trending/04-trending-refinements.css	#trendingMaster .trending-pair::before		content	""""""
src/css/trending/03-trending-responsive.css	#trendingMaster .trending-pair::after		opacity	0
src/css/trending/03-trending-responsive.css	#trendingMaster .trending-pair::after		pointer-events	none
src/css/trending/03-trending-responsive.css	#trendingMaster .trending-pair::after		border-radius	inherit
src/css/trending/03-trending-responsive.css	#trendingMaster .trending-pair::after		inset	0
src/css/trending/03-trending-responsive.css	#trendingMaster .trending-pair::after		position	absolute
src/css/trending/03-trending-responsive.css	#trendingMaster .trending-pair::after		content	""""""
src/css/banner/05-banner-final.css	body .page:not(#__av_prio_a#__av_prio_b#__av_prio_c#__av_prio_d#__av_prio_e#__av_prio_f#__av_prio_g#__av_prio_h)		padding-top	0
src/css/banner/04-banner-color-merge.css	body .banner-slider:not(#__av_prio_a#__av_prio_b#__av_prio_c#__av_prio_d#__av_prio_e#__av_prio_f#__av_prio_g#__av_prio_h)		margin-bottom	0
src/css/banner/04-banner-color-merge.css	body .banner-slider:not(#__av_prio_a#__av_prio_b#__av_prio_c#__av_prio_d#__av_prio_e#__av_prio_f#__av_prio_g#__av_prio_h)		transform	translateY(0)
src/css/banner/04-banner-color-merge.css	body .banner-right:not(#__av_prio_a#__av_prio_b#__av_prio_c#__av_prio_d#__av_prio_e#__av_prio_f#__av_prio_g#__av_prio_h)		align-items	flex-start
src/css/banner/04-banner-color-merge.css	body .banner-wrap:not(#__av_prio_a#__av_prio_b#__av_prio_c#__av_prio_d#__av_prio_e#__av_prio_f#__av_prio_g#__av_prio_h)	@media (max-width: 640px)	padding-bottom	20px
src/css/banner/04-banner-color-merge.css	body .banner-wrap:not(#__av_prio_a#__av_prio_b#__av_prio_c#__av_prio_d#__av_prio_e#__av_prio_f#__av_prio_g#__av_prio_h)	@media (max-width: 1279px)	padding-bottom	28px
src/css/banner/04-banner-color-merge.css	body .banner-trending-join:not(#__av_prio_a#__av_prio_b#__av_prio_c#__av_prio_d#__av_prio_e#__av_prio_f#__av_prio_g#__av_prio_h)		margin-top	0
src/css/banner/04-banner-color-merge.css	body .banner-wrap:not(#__av_prio_a#__av_prio_b#__av_prio_c#__av_prio_d#__av_prio_e#__av_prio_f#__av_prio_g#__av_prio_h)		padding-bottom	34px
src/css/banner/03-banner-transition.css	.banner-trending-join:not(#__av_prio_a#__av_prio_b#__av_prio_c#__av_prio_d#__av_prio_e#__av_prio_f#__av_prio_g#__av_prio_h)	@media (max-width: 620px)	margin-bottom	-60px
src/css/banner/03-banner-transition.css	.banner-trending-join:not(#__av_prio_a#__av_prio_b#__av_prio_c#__av_prio_d#__av_prio_e#__av_prio_f#__av_prio_g#__av_prio_h)	@media (max-width: 990px)	margin-bottom	-76px
src/css/banner/03-banner-transition.css	.banner-trending-join:not(#__av_prio_a#__av_prio_b#__av_prio_c#__av_prio_d#__av_prio_e#__av_prio_f#__av_prio_g#__av_prio_h)	@media (max-width: 620px)	margin-bottom	-60px
src/css/banner/03-banner-transition.css	.banner-trending-join:not(#__av_prio_a#__av_prio_b#__av_prio_c#__av_prio_d#__av_prio_e#__av_prio_f#__av_prio_g#__av_prio_h)	@media (max-width: 990px)	margin-bottom	-76px
src/css/banner/03-banner-transition.css	.banner-trending-join:not(#__av_prio_a#__av_prio_b#__av_prio_c#__av_prio_d#__av_prio_e#__av_prio_f#__av_prio_g#__av_prio_h)		isolation	isolate
src/css/banner/03-banner-transition.css	.banner-trending-join:not(#__av_prio_a#__av_prio_b#__av_prio_c#__av_prio_d#__av_prio_e#__av_prio_f#__av_prio_g#__av_prio_h)		pointer-events	none
src/css/banner/03-banner-transition.css	.banner-trending-join:not(#__av_prio_a#__av_prio_b#__av_prio_c#__av_prio_d#__av_prio_e#__av_prio_f#__av_prio_g#__av_prio_h)		overflow	hidden
src/css/banner/03-banner-transition.css	.banner-trending-join:not(#__av_prio_a#__av_prio_b#__av_prio_c#__av_prio_d#__av_prio_e#__av_prio_f#__av_prio_g#__av_prio_h)		width	100%
src/css/banner/03-banner-transition.css	.banner-trending-join:not(#__av_prio_a#__av_prio_b#__av_prio_c#__av_prio_d#__av_prio_e#__av_prio_f#__av_prio_g#__av_prio_h)		position	relative
src/css/banner/02-banner-layout.css	.banner-trending-join:not(#__av_prio_a#__av_prio_b#__av_prio_c#__av_prio_d#__av_prio_e#__av_prio_f#__av_prio_g#__av_prio_h)	@media (max-width: 760px)	min-width	0
src/css/banner/02-banner-layout.css	#trendingMaster:not(#__av_prio_a#__av_prio_b#__av_prio_c#__av_prio_d#__av_prio_e#__av_prio_f#__av_prio_g#__av_prio_h)		border-top	0
src/css/banner/02-banner-layout.css	#trendingMaster:not(#__av_prio_a#__av_prio_b#__av_prio_c#__av_prio_d#__av_prio_e#__av_prio_f#__av_prio_g#__av_prio_h)		margin-top	0
src/css/banner/02-banner-layout.css	.banner-trending-join-teal:not(#__av_prio_a#__av_prio_b#__av_prio_c#__av_prio_d#__av_prio_e#__av_prio_f#__av_prio_g#__av_prio_h)		stroke-width	1.05
src/css/banner/02-banner-layout.css	.banner-trending-join svg:not(#__av_prio_a#__av_prio_b#__av_prio_c#__av_prio_d#__av_prio_e#__av_prio_f#__av_prio_g#__av_prio_h)		overflow	visible
src/css/banner/02-banner-layout.css	.banner-trending-join:not(#__av_prio_a#__av_prio_b#__av_prio_c#__av_prio_d#__av_prio_e#__av_prio_f#__av_prio_g#__av_prio_h)		min-width	1808px
src/css/banner/02-banner-layout.css	.banner-trending-join:not(#__av_prio_a#__av_prio_b#__av_prio_c#__av_prio_d#__av_prio_e#__av_prio_f#__av_prio_g#__av_prio_h)		max-width	1920px
src/css/banner/02-banner-layout.css	.banner-trending-join:not(#__av_prio_a#__av_prio_b#__av_prio_c#__av_prio_d#__av_prio_e#__av_prio_f#__av_prio_g#__av_prio_h)		width	100%
src/css/banner/02-banner-layout.css	body .page:not(#__av_prio_a#__av_prio_b#__av_prio_c#__av_prio_d#__av_prio_e#__av_prio_f#__av_prio_g#__av_prio_h)		padding-bottom	0
src/css/banner/02-banner-layout.css	body .page:not(#__av_prio_a#__av_prio_b#__av_prio_c#__av_prio_d#__av_prio_e#__av_prio_f#__av_prio_g#__av_prio_h)		position	relative
src/css/banner/02-banner-layout.css	.banner-trending-join-teal		stroke-width	1.2
src/css/banner/02-banner-layout.css	.banner-trending-join-teal		stroke	url(#bannerTrendingTeal)
src/css/banner/02-banner-layout.css	.banner-trending-join-gold		stroke	url(#bannerTrendingGold)
src/css/banner/02-banner-layout.css	".banner-trending-join-gold,
.banner-trending-join-teal"		stroke-linejoin	round
src/css/banner/02-banner-layout.css	".banner-trending-join-gold,
.banner-trending-join-teal"		stroke-linecap	round
src/css/banner/02-banner-layout.css	".banner-trending-join-gold,
.banner-trending-join-teal"		vector-effect	non-scaling-stroke
src/css/banner/02-banner-layout.css	".banner-trending-join-gold,
.banner-trending-join-teal"		fill	none
src/css/banner/02-banner-layout.css	.banner-trending-join svg		height	100%
src/css/banner/02-banner-layout.css	.banner-trending-join svg		width	100%
src/css/banner/02-banner-layout.css	.banner-trending-join svg		display	block
src/css/banner/02-banner-layout.css	.banner-trending-join svg		position	relative
src/css/banner/02-banner-layout.css	.banner-trending-join::before		background-repeat	no-repeat
src/css/banner/02-banner-layout.css	.banner-trending-join::before		background-image	"radial-gradient(circle at 8% 28%, rgba(225,252,255,.70) 0 1px, transparent 1.7px),
    radial-gradient(circle at 22% 72%, rgba(180,244,255,.48) 0 1px, transparent 1.7px),
    radial-gradient(circle at 37% 24%, rgba(230,255,255,.62) 0 1px, transparent 1.6px),
    radial-gradient(circle at 51% 76%, rgba(176,242,255,.52) 0 1px, transparent 1.7px),
    radial-gradient(circle at 67% 30%, rgba(235,255,255,.72) 0 1px, transparent 1.6px),
    radial-gradient(circle at 82% 68%, rgba(185,245,255,.55) 0 1px, transparent 1.7px),
    radial-gradient(circle at 95% 34%, rgba(230,255,255,.65) 0 1px, transparent 1.6px)"
src/css/banner/02-banner-layout.css	.banner-trending-join::before		position	absolute
src/css/banner/02-banner-layout.css	.banner-trending-join::before		content	""""""
src/css/banner/02-banner-layout.css	body .page:not(#__av_prio_a#__av_prio_b#__av_prio_c#__av_prio_d#__av_prio_e#__av_prio_f#__av_prio_g#__av_prio_h)		padding-bottom	0
src/css/banner/02-banner-layout.css	.banner:not(#__av_prio_a#__av_prio_b#__av_prio_c#__av_prio_d#__av_prio_e#__av_prio_f#__av_prio_g#__av_prio_h)		min-height	auto
src/css/banner/02-banner-layout.css	.banner-wrap:not(#__av_prio_a#__av_prio_b#__av_prio_c#__av_prio_d#__av_prio_e#__av_prio_f#__av_prio_g#__av_prio_h)		margin	0 auto
src/css/banner/02-banner-layout.css	.banner-wrap:not(#__av_prio_a#__av_prio_b#__av_prio_c#__av_prio_d#__av_prio_e#__av_prio_f#__av_prio_g#__av_prio_h)		max-width	1790px
src/css/banner/02-banner-layout.css	.banner-wrap:not(#__av_prio_a#__av_prio_b#__av_prio_c#__av_prio_d#__av_prio_e#__av_prio_f#__av_prio_g#__av_prio_h)		width	min(1790px, calc(100% - 32px))
src/css/banner/02-banner-layout.css	.page:not(#__av_prio_a#__av_prio_b#__av_prio_c#__av_prio_d#__av_prio_e#__av_prio_f#__av_prio_g#__av_prio_h)		overflow	hidden
src/css/banner/02-banner-layout.css	.page:not(#__av_prio_a#__av_prio_b#__av_prio_c#__av_prio_d#__av_prio_e#__av_prio_f#__av_prio_g#__av_prio_h)		position	relative
src/css/banner/02-banner-layout.css	.page:not(#__av_prio_a#__av_prio_b#__av_prio_c#__av_prio_d#__av_prio_e#__av_prio_f#__av_prio_g#__av_prio_h)		border-radius	0
src/css/banner/01-banner-core.css	.banner-slider		position	relative
src/css/components/UPC.css	.av-card-popover-wrap .av-popup-desc	@media (max-width: 720px)	padding	7px 8px 6px
src/css/components/UPC.css	.av-card-popover-wrap .av-popup-panel	@media (max-width: 720px)	gap	5px
src/css/components/UPC.css	.av-card-popover-wrap .av-popup-panel	@media (max-width: 720px)	padding	9px
src/css/components/UPC.css	.av-card-popover-wrap .av-popup-watch:hover		transform	translateY(-1px)
src/css/components/UPC.css	.av-card-popover-wrap .av-popup-watch		width	100%
src/css/components/UPC.css	.av-card-popover-wrap .av-popup-footer		gap	8px
src/css/components/UPC.css	.av-card-popover-wrap .av-popup-footer		padding	0 4px
src/css/components/UPC.css	.av-card-popover-wrap .av-popup-footer		min-height	0
src/css/components/UPC.css	.av-card-popover-wrap .av-popup-desc p		line-clamp	3
src/css/components/UPC.css	.av-card-popover-wrap .av-popup-desc p		-webkit-line-clamp	3
src/css/components/UPC.css	.av-card-popover-wrap .av-popup-desc small		text-align	center
src/css/components/UPC.css	.av-card-popover-wrap .av-popup-desc		height	100%
src/css/components/UPC.css	.av-card-popover-wrap .av-popup-desc		min-width	0
src/css/components/UPC.css	.av-card-popover-wrap .av-popup-desc		box-sizing	border-box
src/css/components/UPC.css	.av-card-popover-wrap .av-popup-trio		gap	6px
src/css/components/UPC.css	.av-card-popover-wrap .av-popup-trio		justify-items	center
src/css/components/UPC.css	.av-card-popover-wrap .av-popup-trio		align-items	center
src/css/components/UPC.css	.av-card-popover-wrap .av-popup-trio		grid-template-columns	minmax(0, 1fr) 60px minmax(0, 1fr)
src/css/components/UPC.css	.av-card-popover-wrap .av-popup-trio		display	grid
src/css/components/UPC.css	.av-card-popover-wrap .av-popup-trio		min-height	0
src/css/components/UPC.css	.av-card-popover-wrap .av-popup-trio		min-width	0
src/css/components/UPC.css	.av-card-popover-wrap .av-popup-title		white-space	nowrap
src/css/components/UPC.css	.av-card-popover-wrap .av-popup-title		text-overflow	ellipsis
src/css/components/UPC.css	.av-card-popover-wrap .av-popup-title		letter-spacing	-.035em
src/css/components/UPC.css	.av-card-popover-wrap .av-popup-title		color	#fff
src/css/components/UPC.css	.av-card-popover-wrap .av-popup-title		overflow	hidden
src/css/components/UPC.css	.av-card-popover-wrap .av-popup-title		margin	0
src/css/components/UPC.css	.av-card-popover-wrap .av-popup-title		min-width	0
src/css/components/UPC.css	.av-card-popover-wrap .av-popup-rating		white-space	nowrap
src/css/components/UPC.css	.av-card-popover-wrap .av-popup-rating		color	var(--av-pop-gold)
src/css/components/UPC.css	.av-card-popover-wrap .av-popup-rating		flex	0 0 auto
src/css/components/UPC.css	.av-card-popover-wrap .av-popup-category		white-space	nowrap
src/css/components/UPC.css	.av-card-popover-wrap .av-popup-category		text-transform	uppercase
src/css/components/UPC.css	.av-card-popover-wrap .av-popup-category		text-overflow	ellipsis
src/css/components/UPC.css	.av-card-popover-wrap .av-popup-category		color	#7ce2cf
src/css/components/UPC.css	.av-card-popover-wrap .av-popup-category		overflow	hidden
src/css/components/UPC.css	.av-card-popover-wrap .av-popup-category		min-width	0
src/css/components/UPC.css	.av-card-popover-wrap .av-popup-top		gap	10px
src/css/components/UPC.css	.av-card-popover-wrap .av-popup-top		justify-content	space-between
src/css/components/UPC.css	.av-card-popover-wrap .av-popup-top		align-items	center
src/css/components/UPC.css	.av-card-popover-wrap .av-popup-top		display	flex
src/css/components/UPC.css	.av-card-popover-wrap .av-popup-top		padding	0 3px
src/css/components/UPC.css	.av-card-popover-wrap .av-popup-top		min-height	0
src/css/components/UPC.css	.av-card-popover-wrap .av-popup-top		min-width	0
src/css/components/UPC.css	.av-card-popover-wrap .av-popup-panel		gap	6px
src/css/components/UPC.css	.av-card-popover-wrap .av-popup-panel		display	grid
src/css/components/UPC.css	.av-card-popover-wrap .av-popup-panel		padding	10px
src/css/components/UPC.css	.carousel-collection .av31-description p	@media (max-width: 1400px)	line-clamp	4
src/css/components/UPC.css	.carousel-collection .av31-description p	@media (max-width: 1400px)	-webkit-line-clamp	4
src/css/components/UPC.css	.carousel-collection .av31-description p	@media (max-width: 1400px)	line-height	1.32
src/css/components/UPC.css	.carousel-collection .av31-facts .av31-episode b	@media (max-width: 1400px)	font-size	10px
src/css/components/UPC.css	.carousel-collection .av31-back	@media (max-width: 1400px)	gap	5px
src/css/components/UPC.css	.carousel-collection .av31-back	@media (max-width: 1400px)	padding	7px
src/css/components/UPC.css	.carousel-collection .av31-watch		font-weight	900
src/css/components/UPC.css	.carousel-collection .av31-watch		font-size	8.5px
src/css/components/UPC.css	.carousel-collection .av31-watch		border-radius	9px
src/css/components/UPC.css	.carousel-collection .av31-watch		margin	0
src/css/components/UPC.css	.carousel-collection .av31-watch		min-height	31px
src/css/components/UPC.css	.carousel-collection .av31-watch		height	31px
src/css/components/UPC.css	.carousel-collection .av31-watch		width	100%
src/css/components/UPC.css	.carousel-collection .av31-description p		-webkit-box-orient	vertical
src/css/components/UPC.css	.carousel-collection .av31-description p		line-clamp	5
src/css/components/UPC.css	.carousel-collection .av31-description p		-webkit-line-clamp	5
src/css/components/UPC.css	.carousel-collection .av31-description p		text-align	center
src/css/components/UPC.css	.carousel-collection .av31-description p		display	-webkit-box
src/css/components/UPC.css	.carousel-collection .av31-description p		overflow	hidden
src/css/components/UPC.css	.carousel-collection .av31-description p		margin	0
src/css/components/UPC.css	.carousel-collection .av31-description > strong		text-align	center
src/css/components/UPC.css	.carousel-collection .av31-description > strong		line-height	1
src/css/components/UPC.css	.carousel-collection .av31-description > strong		font-weight	900
src/css/components/UPC.css	.carousel-collection .av31-description		overflow	hidden
src/css/components/UPC.css	.carousel-collection .av31-description		min-height	0
src/css/components/UPC.css	.carousel-collection .av31-facts .av31-episode b		font-size	11px
src/css/components/UPC.css	.carousel-collection .av31-facts .av31-episode b		color	#ffffff
src/css/components/UPC.css	.carousel-collection .av31-facts		display	grid
src/css/components/UPC.css	.carousel-collection .av31-back-head h3		white-space	nowrap
src/css/components/UPC.css	.carousel-collection .av31-back-head h3		text-overflow	ellipsis
src/css/components/UPC.css	.carousel-collection .av31-back-head h3		letter-spacing	-.035em
src/css/components/UPC.css	.carousel-collection .av31-back-head h3		font-weight	900
src/css/components/UPC.css	.carousel-collection .av31-back-head h3		overflow	hidden
src/css/components/UPC.css	.carousel-collection .av31-back-head h3		margin	0
src/css/components/UPC.css	.carousel-collection .av31-back-head h3		grid-column	1 / -1
src/css/components/UPC.css	.carousel-collection .av31-rating		line-height	1
src/css/components/UPC.css	.carousel-collection .av31-rating		font-size	10.5px
src/css/components/UPC.css	.carousel-collection .av31-category		white-space	nowrap
src/css/components/UPC.css	.carousel-collection .av31-category		text-overflow	ellipsis
src/css/components/UPC.css	.carousel-collection .av31-category		line-height	1
src/css/components/UPC.css	.carousel-collection .av31-category		font-weight	900
src/css/components/UPC.css	.carousel-collection .av31-category		overflow	hidden
src/css/components/UPC.css	.carousel-collection .av31-back-head		align-items	center
src/css/components/UPC.css	.carousel-collection .av31-back-head		display	grid
src/css/components/UPC.css	.carousel-collection .av31-back-head		min-width	0
src/css/components/UPC.css	.carousel-collection .av31-back		overflow	hidden
src/css/components/UPC.css	.carousel-collection .av31-back		gap	6px
src/css/components/UPC.css	.carousel-collection .av31-back		display	grid
src/css/components/UPC.css	.carousel-collection .av31-back		min-height	0
src/css/components/UPC.css	.carousel-collection .av31-back		height	100%
src/css/components/UPC.css	.carousel-collection .av31-back		width	100%
src/css/components/UPC.css	.carousel-collection .av-back-description p		line-clamp	4
src/css/components/UPC.css	.carousel-collection .av-back-description p		-webkit-line-clamp	4
src/css/components/UPC.css	.carousel-collection .av-back-sheet		height	100%
src/css/components/UPC.css	.carousel-collection .card-back-content		height	100%
src/css/components/UPC.css	.carousel-collection .card-back-content		width	100%
src/css/components/UPC.css	.carousel-collection .card-back-btn		width	calc(100% - 24px)
src/css/components/UPC.css	.carousel-collection .card-desc		overflow	hidden
src/css/components/UPC.css	.carousel-collection .card-back-meta-col		gap	4px
src/css/components/UPC.css	.carousel-collection .card-back-meta-col		align-items	center
src/css/components/UPC.css	.carousel-collection .card-back-meta		align-items	center
src/css/components/UPC.css	.carousel-collection .card-inner		transform-style	preserve-3d
src/css/components/UPC.css	.carousel-collection .card-inner		position	relative
src/css/components/UPC.css	.carousel-collection .card		cursor	pointer
src/css/components/UPC.css	.carousel-collection .card		perspective	1200px
src/css/components/footer.css	.avf-brand-copy span		margin-top	8px
src/css/components/footer.css	.avf-nav-column	@media (max-width: 820px)	padding	13px 6px
src/css/components/footer.css	.avf-nav-columns	@media (max-width: 820px)	grid-template-columns	1fr
src/css/components/footer.css	.avf-nav-columns	@media (max-width: 1120px)	grid-template-columns	repeat(2, minmax(0, 1fr))
src/css/components/footer.css	.avf-nav-columns	@media (max-width: 1320px)	grid-template-columns	repeat(3, minmax(0, 1fr))
src/css/components/footer.css	.avf-social-item-copy		min-width	0
src/css/components/footer.css	.avf-social-item:not(#__av_prio_a#__av_prio_b#__av_prio_c#__av_prio_d#__av_prio_e#__av_prio_f#__av_prio_g#__av_prio_h)		display	flex
src/css/components/footer.css	.avf-social-item:not(#__av_prio_a#__av_prio_b#__av_prio_c#__av_prio_d#__av_prio_e#__av_prio_f#__av_prio_g#__av_prio_h)		margin	0
src/css/components/footer.css	.avf-social-item		text-decoration	none
src/css/components/footer.css	.avf-social-stack		gap	10px
src/css/components/footer.css	.avf-social-stack		flex-direction	column
src/css/components/footer.css	.avf-social-stack		display	flex
src/css/components/footer.css	.avf-nav-columns		gap	0
src/css/components/footer.css	.avf-nav-columns		grid-template-columns	repeat(5, minmax(0, 1fr))
src/css/components/footer.css	.avf-brand	@media (max-width: 820px)	margin-bottom	22px
src/css/components/footer.css	.avf-outline-word span:not(#__av_prio_a#__av_prio_b#__av_prio_c#__av_prio_d#__av_prio_e#__av_prio_f#__av_prio_g#__av_prio_h)	@media (prefers-reduced-motion: reduce)	opacity	0.95
src/css/components/footer.css	.avf-outline-word span:not(#__av_prio_a#__av_prio_b#__av_prio_c#__av_prio_d#__av_prio_e#__av_prio_f#__av_prio_g#__av_prio_h)	@media (prefers-reduced-motion: reduce)	transform	none
src/css/components/footer.css	.avf-nav-column + .avf-nav-column	@media (max-width: 820px)	border-top	1px solid rgba(255,255,255,.045)
src/css/components/footer.css	.avf-nav-column + .avf-nav-column	@media (max-width: 820px)	border-left	0
src/css/components/footer.css	.avf-nav-columns	@media (max-width: 820px)	grid-template-columns	1fr
src/css/components/footer.css	.avf-hero	@media (max-width: 820px)	min-height	0
src/css/components/footer.css	.avf-nav-column:nth-child(n/**/+3)	@media (max-width: 1120px)	padding-top	14px
src/css/components/footer.css	.avf-nav-columns	@media (max-width: 1120px)	grid-template-columns	repeat(2, minmax(0, 1fr))
src/css/components/footer.css	.avf-bottom p		font-size	12px
src/css/components/footer.css	.avf-nav-column a		margin	10px 0
src/css/components/footer.css	.avf-nav-column		min-width	0
src/css/components/footer.css	".avf-headline-top,
.avf-headline-bottom"		line-height	1.02
src/css/components/footer.css	.avf-brand-copy strong		text-transform	uppercase
